SALE TYPE,SOLD DATE,PROPERTY TYPE,ADDRESS,CITY,STATE OR PROVINCE,ZIP OR POSTAL CODE,PRICE,BEDS,BATHS,LOCATION,SQUARE FEET,LOT SIZE,YEAR BUILT,DAYS ON MARKET,$/SQUARE FEET,HOA/MONTH,STATUS,NEXT OPEN HOUSE START TIME,NEXT OPEN HOUSE END TIME,URL (SEE https://www.redfin.com/buy-a-home/comparative-market-analysis FOR INFO ON PRICING),SOURCE,MLS#,FAVORITE,INTERESTED,LATITUDE,LONGITUDE
MLS Listing,,Condo/Co-op,910 Powhatan St Unit 105S,Alexandria,VA,22314,479900,1,1.5,NORTH WASHINGTON ST COND,750,,2010,3,640,444,Active,,,https://www.redfin.com/VA/Alexandria/910-Powhatan-St-22314/unit-105S/home/39967125,BRIGHT MLS,VAAX2005864,N,Y,38.8148146,-77.0457872
MLS Listing,,Townhouse,508 E Luray Ave,Alexandria,VA,22301,695000,2,2.0,BRENTON,1200,1504,1944,3,579,,Active,,,https://www.redfin.com/VA/Alexandria/508-E-Luray-Ave-22301/home/22668757,BRIGHT MLS,VAAX2006066,N,Y,38.8183417,-77.0544424
MLS Listing,,Townhouse,100 E Reed Ave Unit 1/2,Alexandria,VA,22305,469900,2,1.0,BEAUMONT,680,2625,1947,3,691,,Active,,,https://www.redfin.com/VA/Alexandria/100-E-Reed-Ave-22305/unit-1-2/home/11845245,BRIGHT MLS,VAAX2005832,N,Y,38.83712,-77.05425
MLS Listing,,Single Family Residential,7922 Bayberry Dr,Alexandria,VA,22306,665000,3,2.0,SHERWOOD HALL,2140,10523,1961,4,311,,Active,,,https://www.redfin.com/VA/Alexandria/7922-Bayberry-Dr-22306/home/9817044,BRIGHT MLS,VAFX2032938,N,Y,38.7418789,-77.072883
MLS Listing,,Townhouse,5010 Waple Ln,Alexandria,VA,22304,890000,3,3.5,CAMERON STATION,2594,2020,2001,5,343,133,Active,,,https://www.redfin.com/VA/Alexandria/5010-Waple-Ln-22304/home/11873819,BRIGHT MLS,VAAX2005808,N,Y,38.8110047,-77.1177968
MLS Listing,,Condo/Co-op,2500 N Van Dorn St #903,Alexandria,VA,22302,239000,2,2.0,PARK PLACE,1042,,1965,9,229,811,Active,,,https://www.redfin.com/VA/Alexandria/2500-N-Van-Dorn-St-22302/unit-903/home/11867897,BRIGHT MLS,VAAX2005804,N,Y,38.8326778,-77.0997478
MLS Listing,,Condo/Co-op,520 John Carlyle St #408,Alexandria,VA,22314,600000,2,2.0,CONDOS AT CARLYLE SQUARE,1095,,2007,11,548,663,Active,,,https://www.redfin.com/VA/Alexandria/520-John-Carlyle-St-22314/unit-408/home/17061765,BRIGHT MLS,VAAX2005634,N,Y,38.8019355,-77.0615516
MLS Listing,,Single Family Residential,3303 Arundel Ave,Alexandria,VA,22306,1229000,6,6.0,VALLEY VIEW,5639,10977,2007,11,218,,Active,,,https://www.redfin.com/VA/Alexandria/3303-Arundel-Ave-22306/home/12069313,BRIGHT MLS,VAFX2031260,N,Y,38.7654716,-77.0876088
MLS Listing,,Condo/Co-op,114 Roberts Ln #201,Alexandria,VA,22314,358000,2,2.0,FORT ELLSWORTH,1118,,1974,16,320,562,Active,,,https://www.redfin.com/VA/Alexandria/114-Roberts-Ln-22314/unit-201/home/11850709,BRIGHT MLS,VAAX2005692,N,Y,38.807719,-77.071994
MLS Listing,,Condo/Co-op,3340 S 28th St #101,Alexandria,VA,22302,288000,2,2.0,BOLLING BROOK,960,,1961,17,300,524,Active,,,https://www.redfin.com/VA/Alexandria/3340-S-28th-St-22302/unit-101/home/11869018,BRIGHT MLS,VAAX2005670,N,Y,38.8397301,-77.1081995
MLS Listing,,Townhouse,3212 Gunston Rd #718,Alexandria,VA,22302,365000,2,1.0,PARKFAIRFAX,900,,1941,20,406,469,Active,,,https://www.redfin.com/VA/Alexandria/3212-Gunston-Rd-22302/unit-718/home/143408805,BRIGHT MLS,VAAX2005262,N,Y,38.8342253,-77.0788566
MLS Listing,,Single Family Residential,2953 Viewpoint Rd,Alexandria,VA,22314,980000,5,3.0,CLOVER,2281,7200,1955,25,430,,Active,,,https://www.redfin.com/VA/Alexandria/2953-Viewpoint-Rd-22314/home/11850955,BRIGHT MLS,VAAX2005392,N,Y,38.809629,-77.0799876
MLS Listing,,Townhouse,676 S Columbus St,Alexandria,VA,22314,1049000,3,3.5,WASHINGTON SQUARE,2031,,1978,31,516,610,Active,,,https://www.redfin.com/VA/Alexandria/676-S-Columbus-St-22314/home/11863282,BRIGHT MLS,VAAX2005170,N,Y,38.7987495,-77.049368
MLS Listing,,Single Family Residential,8635 Vernon Ave,Alexandria,VA,22309,675000,4,2.5,MOUNT VERNON HILLS,2240,8800,1975,35,301,,Active,,,https://www.redfin.com/VA/Alexandria/8635-Vernon-Ave-22309/home/162821292,BRIGHT MLS,VAFX2027846,N,Y,38.7223789,-77.0910034
MLS Listing,,Condo/Co-op,5501 Seminary Rd Unit 2304S,Falls Church,VA,22041,450000,3,2.5,SKYLINE SQUARE,1735,,1982,37,259,744,Active,,,https://www.redfin.com/VA/Falls-Church/5501-Seminary-Rd-22041/unit-2304S/home/9662081,BRIGHT MLS,VAFX2028332,N,Y,38.8419602,-77.1202465
MLS Listing,,Condo/Co-op,112 Roberts Ln #300,Alexandria,VA,22314,409900,3,2.0,FORT ELLSWORTH,1282,,1974,37,320,655,Active,,,https://www.redfin.com/VA/Alexandria/112-Roberts-Ln-22314/unit-300/home/11850702,BRIGHT MLS,VAAX2005080,N,Y,38.8075727,-77.0720759
MLS Listing,,Townhouse,5001 Domain Pl #2,Alexandria,VA,22311,579900,3,3.0,DOMAIN,2070,,1975,41,280,117,Active,,,https://www.redfin.com/VA/Alexandria/5001-Domain-Pl-22311/unit-2/home/39856654,BRIGHT MLS,VAAX2000215,N,Y,38.8390311,-77.1144526
MLS Listing,,Condo/Co-op,5916 Founders Hill Dr #202,Alexandria,VA,22310,369999,2,2.0,FOUNDERS WALK CONDO,1069,,1996,44,346,345,Active,,,https://www.redfin.com/VA/Alexandria/5916-Founders-Hill-Dr-22310/unit-202/home/9755202,BRIGHT MLS,VAFX2027578,N,Y,38.791195,-77.140721
MLS Listing,,Condo/Co-op,2451 Midtown Ave #1025,Alexandria,VA,22303,319900,1,1.0,MIDTOWN ALEXANDRIA STATI,805,,2007,51,397,373,Active,,,https://www.redfin.com/VA/Alexandria/2451-Midtown-Ave-22303/unit-1025/home/22060305,BRIGHT MLS,VAFX2026288,N,Y,38.7966107,-77.0742479
MLS Listing,,Townhouse,8284 Clifton Farm Ct,Alexandria,VA,22306,550000,4,3.5,HUNTINGTON AT MOUNT VERN,2158,2438,1978,59,255,115,Active,,,https://www.redfin.com/VA/Alexandria/8284-Clifton-Farm-Ct-22306/home/9819675,BRIGHT MLS,VAFX2025800,N,Y,38.733809,-77.078494
MLS Listing,,Condo/Co-op,1731 Preston Rd #960,Alexandria,VA,22302,327000,1,1.0,PARKFAIRFAX,780,,1941,74,419,399,Active,,,https://www.redfin.com/VA/Alexandria/1731-Preston-Rd-22302/unit-960/home/177016175,BRIGHT MLS,VAAX2003972,N,Y,38.8365403,-77.0826716
MLS Listing,,Condo/Co-op,7975 Audubon Ave Unit A1,Alexandria,VA,22306,182000,2,1.5,COLCHESTER TOWNE CONDO,872,,1973,79,209,490,Active,,,https://www.redfin.com/VA/Alexandria/7975-Audubon-Ave-22306/unit-A1/home/9813413,BRIGHT MLS,VAFX2023042,N,Y,38.7410736,-77.0931839
MLS Listing,,Townhouse,2910 S Dinwiddie St,Arlington,VA,22206,525000,3,2.0,FAIRLINGTON VILLAGE,1383,,1948,94,380,406,Active,,,https://www.redfin.com/VA/Arlington/2910-S-Dinwiddie-St-22206/home/11861473,BRIGHT MLS,VAAX2003240,N,Y,38.8386934,-77.1040904
MLS Listing,,Condo/Co-op,1 W Maple St #102,Alexandria,VA,22301,310000,1,1.0,ROSEMONT,540,,1938,124,574,307,Active,,,https://www.redfin.com/VA/Alexandria/1-W-Maple-St-22301/unit-102/home/143365448,BRIGHT MLS,VAAX2002228,N,Y,38.8115044,-77.0617065
MLS Listing,,Single Family Residential,8912 Dogue Dr,Alexandria,VA,22309,799900,5,3.5,KEYS AND RUSSELL,3640,21783,1955,137,220,,Active,,,https://www.redfin.com/VA/Alexandria/8912-Dogue-Dr-22309/home/9825261,BRIGHT MLS,VAFX2009658,N,Y,38.7159866,-77.1253032
MLS Listing,,Condo/Co-op,906 S Washington St #213,Alexandria,VA,22314,194900,0,1.0,BEARINGS SOUTH,469,,1941,173,416,345,Active,,,https://www.redfin.com/VA/Alexandria/906-S-Washington-St-22314/unit-213/home/11878824,BRIGHT MLS,VAAX260728,N,Y,38.7955846,-77.0484858
Redfin Data,,Condo/Co-op,7928 Casa Grande Pl Unit C,Alexandria,VA,22309,224900,2,1.5,Alexandria,1100,,1978,2,204,460,Pre On-Market,,,https://www.redfin.com/VA/Alexandria/7928-Casa-Grande-Pl-22309/unit-C/home/22076720,Coming Soon,79077,N,Y,38.7462525,-77.0967
Redfin Data,,Single Family Residential,1425 N Chambliss St,Alexandria,VA,22312,700000,4,3.0,Alexandria,2361,12197,1956,12,296,,Pre On-Market,,,https://www.redfin.com/VA/Alexandria/1425-N-Chambliss-St-22312/home/11856657,Coming Soon,78867,N,Y,38.828716,-77.1360452
MLS Listing,,Condo/Co-op,3600 S Glebe Rd Unit 334W,Arlington,VA,22202,405000,1,1.0,ECLIPSE ON CENTER PARK,669,,2006,1,605,327,Active,,,https://www.redfin.com/VA/Arlington/3600-S-Glebe-Rd-22202/unit-334W/home/12042645,BRIGHT MLS,VAAR2007764,N,Y,38.8421491,-77.0516341
MLS Listing,,Townhouse,420 N Washington St,Alexandria,VA,22314,1299000,3,2.0,OLD TOWN ALEXANDRIA,2102,3272,1890,1,618,,Active,,,https://www.redfin.com/VA/Alexandria/420-N-Washington-St-22314/home/17061951,BRIGHT MLS,VAAX2005598,N,Y,38.8092025,-77.0463607
MLS Listing,,Condo/Co-op,4850 Eisenhower Ave #109,Alexandria,VA,22304,315000,2,1.0,EXCHANGE AT VAN DORN,935,,2003,1,337,451,Active,,,https://www.redfin.com/VA/Alexandria/4850-Eisenhower-Ave-22304/unit-109/home/11878315,BRIGHT MLS,VAAX2005970,N,Y,38.801947,-77.119551
MLS Listing,,Condo/Co-op,3705 S George Mason Dr Unit 617S,Falls Church,VA,22041,339900,2,2.0,SKYLINE PLAZA S CONDO,1321,,1975,1,257,718,Active,,,https://www.redfin.com/VA/Falls-Church/3705-S-George-Mason-Dr-22041/unit-617S/home/9658075,BRIGHT MLS,VAFX2032994,N,Y,38.84292,-77.1137662
MLS Listing,,Townhouse,04 Mountaineer Dr,Alexandria,VA,22306,649990,3,3.0,NORTH HILL,2008,3000,,1,324,112,Active,,,https://www.redfin.com/VA/Alexandria/04-Mountaineer-DR-22306/home/177496457,BRIGHT MLS,VAFX2025920,N,Y,38.7592256,-77.08261988
MLS Listing,,Townhouse,05 Mountaineer Dr,Alexandria,VA,22306,744990,4,4.0,NORTH HILL,2558,3000,2021,1,291,112,Active,,,https://www.redfin.com/VA/Alexandria/05-Mountaineer-DR-22306/home/177496450,BRIGHT MLS,VAFX2026746,N,Y,38.75907592,-77.08256131
MLS Listing,,Townhouse,02 Mountaineer Dr,Alexandria,VA,22306,567990,2,3.0,NORTH HILL,1624,3000,,1,350,112,Active,,,https://www.redfin.com/VA/Alexandria/02-Mountaineer-DR-22306/home/177496390,BRIGHT MLS,VAFX2025900,N,Y,38.72550053,-77.0928122
MLS Listing,,Condo/Co-op,3309 Wyndham Cir #4185,Alexandria,VA,22302,374900,2,2.0,POINTE AT PARK C,1096,,1990,1,342,459,Active,,,https://www.redfin.com/VA/Alexandria/3309-Wyndham-Cir-22302/unit-4185/home/11877080,BRIGHT MLS,VAAX2006012,N,Y,38.8341146,-77.1025352
MLS Listing,,Townhouse,3917 Woodhue Pl #1,Alexandria,VA,22309,279000,3,2.0,SEQUOYAH PH 5C2,1266,,1976,1,220,495,Active,,,https://www.redfin.com/VA/Alexandria/3917-Woodhue-Pl-22309/unit-1/home/9813162,BRIGHT MLS,VAFX2033702,N,Y,38.739581,-77.096167
MLS Listing,,Single Family Residential,4103 Javins Dr,Alexandria,VA,22310,585000,4,2.0,RIDGE VIEW,969,11819,1957,2,604,,Active,,,https://www.redfin.com/VA/Alexandria/4103-Javins-Dr-22310/home/9759251,BRIGHT MLS,VAFX2031626,N,Y,38.7889297,-77.1037265
MLS Listing,,Condo/Co-op,2181 Jamieson Ave #1401,Alexandria,VA,22314,625000,2,2.0,CARLYLE TOWERS,1228,,2001,2,509,720,Active,,,https://www.redfin.com/VA/Alexandria/2181-Jamieson-Ave-22314/unit-1401/home/11875829,BRIGHT MLS,VAAX2005854,N,Y,38.8029799,-77.0671046
MLS Listing,,Townhouse,6011 Monticello Rd,Alexandria,VA,22303,575000,3,1.5,JEFFERSON MANOR,1224,3603,1947,2,470,,Active,,,https://www.redfin.com/VA/Alexandria/6011-Monticello-Rd-22303/home/9761312,BRIGHT MLS,VAFX2033694,N,Y,38.7870558,-77.0793468
MLS Listing,,Condo/Co-op,203 Yoakum Pkwy #1208,Alexandria,VA,22304,315000,2,2.0,WATERGATE AT LANDMARK,1309,,1975,2,241,859,Active,,,https://www.redfin.com/VA/Alexandria/203-Yoakum-Pkwy-22304/unit-1208/home/11857827,BRIGHT MLS,VAAX2006114,N,Y,38.8104071,-77.1404453
MLS Listing,,Townhouse,208 E Glebe Rd Unit A,Alexandria,VA,22305,709900,2,2.0,LYNHAVEN,1377,3752,1942,2,516,,Active,,,https://www.redfin.com/VA/Alexandria/208-E-Glebe-Rd-22305/unit-A/home/11845516,BRIGHT MLS,VAAX2005794,N,Y,38.8340549,-77.0542314
MLS Listing,,Townhouse,108 Cahill Dr,Alexandria,VA,22304,599900,2,3.0,TOWNES AT CAMERON PARKE,1836,1404,1998,2,327,116,Active,,,https://www.redfin.com/VA/Alexandria/108-Cahill-Dr-22304/home/11872686,BRIGHT MLS,VAAX2006130,N,Y,38.8048352,-77.0941618
MLS Listing,,Condo/Co-op,16 Ashby St Unit C,Alexandria,VA,22305,235000,1,1.0,AUBURN VILLAGE,700,,1939,2,336,443,Active,,,https://www.redfin.com/VA/Alexandria/16-Ashby-St-22305/unit-C/home/11867327,BRIGHT MLS,VAAX2005964,N,Y,38.8334729,-77.0571884
MLS Listing,,Townhouse,5905 Saint Giles Way,Alexandria,VA,22315,425000,3,2.5,KINGSTOWNE SEC 26,1104,923,1991,2,385,105,Active,,,https://www.redfin.com/VA/Alexandria/5905-St-Giles-Way-22315/home/9787987,BRIGHT MLS,VAFX2032194,N,Y,38.7582328,-77.1398336
MLS Listing,,Single Family Residential,311 Kentucky Ave,Alexandria,VA,22305,1250000,4,3.5,BEVERLY HILLS,3412,8400,1940,2,366,,Active,,,https://www.redfin.com/VA/Alexandria/311-Kentucky-Ave-22305/home/11849090,BRIGHT MLS,VAAX2006034,N,Y,38.837638,-77.0667198
MLS Listing,,Townhouse,5365 Harbor Court Dr,Alexandria,VA,22315,429900,2,1.5,D EVEREAUX WEST,1230,1135,1983,2,350,110,Active,,,https://www.redfin.com/VA/Alexandria/5365-Harbor-Ct-Dr-22315/home/9782921,BRIGHT MLS,VAFX2032948,N,Y,38.7676516,-77.1296933
MLS Listing,,Condo/Co-op,6300 Stevenson Ave #622,Alexandria,VA,22304,269900,2,2.0,SENTINEL OF LANDMARK,1054,,1980,2,256,668,Active,,,https://www.redfin.com/VA/Alexandria/6300-Stevenson-Ave-22304/unit-622/home/11864279,BRIGHT MLS,VAAX2004746,N,Y,38.812736,-77.1410563
MLS Listing,,Single Family Residential,5303 Neville Ct,Alexandria,VA,22310,800000,4,3.5,BUSH HILL WOODS,2938,11260,1966,2,272,,Active,,,https://www.redfin.com/VA/Alexandria/5303-Neville-Ct-22310/home/9755778,BRIGHT MLS,VAFX2031022,N,Y,38.7929888,-77.1235053
MLS Listing,,Condo/Co-op,501 Slaters Ln #201,Alexandria,VA,22314,415000,1,1.0,MARINA TOWERS,872,,1970,2,476,647,Active,,,https://www.redfin.com/VA/Alexandria/501-Slaters-Ln-22314/unit-201/home/11864731,BRIGHT MLS,VAAX2006146,N,Y,38.8223881,-77.0417369
MLS Listing,,Condo/Co-op,1100 Quaker Hill Dr #416,Alexandria,VA,22314,345000,2,2.0,QUAKER HILL,1077,,1991,2,320,546,Active,,,https://www.redfin.com/VA/Alexandria/1100-Quaker-Hill-Dr-22314/unit-416/home/11870868,BRIGHT MLS,VAAX2005900,N,Y,38.809899,-77.0843715
MLS Listing,,Condo/Co-op,601 N Fairfax St #214,Alexandria,VA,22314,1495000,2,2.5,THE ORONOCO,1825,,2014,2,819,1244,Active,,,https://www.redfin.com/VA/Alexandria/601-N-Fairfax-St-22314/unit-214/home/101387881,BRIGHT MLS,VAAX2005556,N,Y,38.8108276,-77.0407047
MLS Listing,,Condo/Co-op,400 Cameron Station Blvd #417,Alexandria,VA,22304,515000,2,2.0,CAMERON STATION,1484,,2007,2,347,709,Active,,,https://www.redfin.com/VA/Alexandria/400-Cameron-Station-Blvd-22304/unit-417/home/17061557,BRIGHT MLS,VAAX2005658,N,Y,38.8058658,-77.125113
MLS Listing,,Condo/Co-op,6101 Fairview Farm Dr #308,Alexandria,VA,22315,585000,2,2.0,CREST OF ALEXANDRIA,1658,,2019,2,353,437,Active,,,https://www.redfin.com/VA/Alexandria/6101-Fairview-Farm-Dr-22315/unit-308/home/172400711,BRIGHT MLS,VAFX2032544,N,Y,38.7465325,-77.1528673
MLS Listing,,Townhouse,8213 Claremont Woods Dr Dr,Alexandria,VA,22309,395000,3,2.5,GEORGELAND VILLAGE PHASE,1280,1400,1985,2,309,83,Active,,,https://www.redfin.com/VA/Alexandria/8213-Claremont-Woods-Dr-22309/home/9814866,BRIGHT MLS,VAFX2032174,N,Y,38.734893,-77.108756
MLS Listing,,Townhouse,814 Rivergate Pl,Alexandria,VA,22314,1599999,3,3.5,RIVERGATE,2898,1727,1995,2,552,200,Active,,,https://www.redfin.com/VA/Alexandria/814-Rivergate-Pl-22314/home/11871409,BRIGHT MLS,VAAX2006046,N,Y,38.812766,-77.038985
MLS Listing,,Single Family Residential,6326 Colette Dr,Alexandria,VA,22315,700000,4,4.0,GLYNALTA PARK,2230,23012,1955,3,314,,Active,,,https://www.redfin.com/VA/Alexandria/6326-Colette-Dr-22315/home/9785117,BRIGHT MLS,VAFX2033214,N,Y,38.7557885,-77.161795
MLS Listing,,Condo/Co-op,6603 E Wakefield Dr Unit A1,Alexandria,VA,22307,239000,1,1.0,BELLE VIEW CONDO,623,,1950,3,384,297,Active,,,https://www.redfin.com/VA/Alexandria/6603-E-Wakefield-Dr-22307/unit-A1/home/143283275,BRIGHT MLS,VAFX2026182,N,Y,38.7745472,-77.0554544
MLS Listing,,Single Family Residential,5810 Valley View Dr,Alexandria,VA,22310,925000,5,4.5,OAKBROOK KNOLLS,4816,49141,1996,3,192,75,Active,,,https://www.redfin.com/VA/Alexandria/5810-Valley-View-Dr-22310/home/9751430,BRIGHT MLS,VAFX2032884,N,Y,38.7931798,-77.1477524
MLS Listing,,Condo/Co-op,5300 Holmes Run Pkwy #506,Alexandria,VA,22304,289900,2,2.0,GREENHOUSE,1263,,1975,3,230,764,Active,,,https://www.redfin.com/VA/Alexandria/5300-Holmes-Run-Pkwy-22304/unit-506/home/11855636,BRIGHT MLS,VAAX2006008,N,Y,38.8152981,-77.1219453
MLS Listing,,Single Family Residential,7826 Ashton St,Alexandria,VA,22309,588000,5,3.0,MOUNT VERNON WOODS,2355,12300,1956,3,250,,Active,,,https://www.redfin.com/VA/Alexandria/7826-Ashton-St-22309/home/9812254,BRIGHT MLS,VAFX2033394,N,Y,38.7444201,-77.1024228
MLS Listing,,Single Family Residential,2111 Whiteoaks Dr,Alexandria,VA,22306,1024900,4,2.0,HOLLIN HILLS,2164,19951,1967,3,474,,Active,,,https://www.redfin.com/VA/Alexandria/2111-Whiteoaks-Dr-22306/home/9795632,BRIGHT MLS,VAFX2032390,N,Y,38.7523374,-77.0678466
MLS Listing,,Condo/Co-op,2500 N Van Dorn St #602,Alexandria,VA,22302,275000,3,2.0,PARK PLACE,1302,,1965,3,211,903,Active,,,https://www.redfin.com/VA/Alexandria/2500-N-Van-Dorn-St-22302/unit-602/home/11867823,BRIGHT MLS,VAAX2006084,N,Y,38.8326778,-77.0997478
MLS Listing,,Townhouse,5619 Ridge View Dr,Alexandria,VA,22310,524900,3,3.0,LOFTRIDGE,2061,1560,1984,3,255,87,Active,,,https://www.redfin.com/VA/Alexandria/5619-Ridge-View-Dr-22310/home/9756092,BRIGHT MLS,VAFX2015826,N,Y,38.797808,-77.106608
MLS Listing,,Townhouse,6385 Hawk View Ln,Alexandria,VA,22312,650000,4,3.5,OVERLOOK SEC B2  SEC B4,1704,2233,2000,3,381,128,Active,,,https://www.redfin.com/VA/Alexandria/6385-Hawk-View-Ln-22312/home/9835418,BRIGHT MLS,VAFX2032872,N,Y,38.8068433,-77.1535606
MLS Listing,,Townhouse,409 Royal St S,Alexandria,VA,22314,899000,2,2.0,OLD TOWN ALEXANDRIA,1440,2583,1952,3,624,,Active,,,https://www.redfin.com/VA/Alexandria/409-S-Royal-St-22314/home/11841405,BRIGHT MLS,VAAX2005862,N,Y,38.8008316,-77.0446515
MLS Listing,,Townhouse,6313 Manchester Way,Alexandria,VA,22304,799000,3,4.0,LANDMARK MEWS,2885,2377,1983,3,277,165,Active,,,https://www.redfin.com/VA/Alexandria/6313-Manchester-Way-22304/home/9724511,BRIGHT MLS,VAFX2032040,N,Y,38.811189,-77.146122
MLS Listing,,Single Family Residential,108 N Donelson St,Alexandria,VA,22304,600000,2,1.0,DELTA,1404,10025,1949,3,427,,Active,,,https://www.redfin.com/VA/Alexandria/108-N-Donelson-St-22304/home/11852932,BRIGHT MLS,VAAX2005860,N,Y,38.8114262,-77.0967582
MLS Listing,,Condo/Co-op,2500 N Van Dorn St #1604,Alexandria,VA,22302,200000,2,1.0,PARK PLACE,928,,1965,3,216,771,Active,,,https://www.redfin.com/VA/Alexandria/2500-N-Van-Dorn-St-22302/unit-1604/home/166997329,BRIGHT MLS,VAAX2006058,N,Y,38.8326778,-77.0997478
MLS Listing,,Condo/Co-op,60 S Van Dorn St S #207,Alexandria,VA,22304,172999,1,1.0,TWENTY-ONE,708,,2005,3,244,460,Active,,,https://www.redfin.com/VA/Alexandria/60-S-Van-Dorn-St-22304/unit-207/home/11879945,BRIGHT MLS,VAAX2006074,N,Y,38.8124601,-77.1284324
MLS Listing,,Condo/Co-op,6101 Edsall Rd #307,Alexandria,VA,22304,320000,2,2.0,ALEXANDRIA KNOLLS,1408,,1975,3,227,933,Active,,,https://www.redfin.com/VA/Alexandria/6101-Edsall-Rd-22304/unit-307/home/11854797,BRIGHT MLS,VAAX2005884,N,Y,38.8082399,-77.1378654
MLS Listing,,Single Family Residential,4511 Bee St,Alexandria,VA,22310,699000,3,3.5,ROSE HILL FARM PIATTIS A,1864,10500,1983,3,375,,Active,,,https://www.redfin.com/VA/Alexandria/4511-Bee-St-22310/home/9757755,BRIGHT MLS,VAFX2032790,N,Y,38.7781125,-77.111998
MLS Listing,,Townhouse,1323 Queen St,Alexandria,VA,22314,800000,3,2.0,OLD TOWN ALEXANDRIA,1424,1221,1950,3,562,,Active,,,https://www.redfin.com/VA/Alexandria/1323-Queen-St-22314/home/11839803,BRIGHT MLS,VAAX2005946,N,Y,38.808482,-77.053897
MLS Listing,,Single Family Residential,6013 Saint John Dr,Alexandria,VA,22310,679999,4,2.5,SHADY HILL,2142,20001,1961,3,317,,Active,,,https://www.redfin.com/VA/Alexandria/6013-St-John-Dr-22310/home/9753614,BRIGHT MLS,VAFX2031942,N,Y,38.7866452,-77.1423371
MLS Listing,,Condo/Co-op,1023 N Royal St #106,Alexandria,VA,22314,550000,1,1.0,ABINGDON ROW,831,,2007,3,662,360,Active,,,https://www.redfin.com/VA/Alexandria/1023-N-Royal-St-22314/unit-106/home/21648874,BRIGHT MLS,VAAX2005560,N,Y,38.8153268,-77.0410282
MLS Listing,,Condo/Co-op,3951 San Leandro Pl Unit E,Alexandria,VA,22309,265000,3,2.0,SEQUOYAH CONDO,1232,,1974,3,215,530,Active,,,https://www.redfin.com/VA/Alexandria/3951-San-Leandro-Pl-22309/unit-E/home/35629997,BRIGHT MLS,VAFX2033190,N,Y,38.7442748,-77.0991498
MLS Listing,,Condo/Co-op,5505 Seminary Rd Unit 218N,Falls Church,VA,22041,210000,1,1.0,SKYLINE SQUARE CONDO,646,,1987,4,325,277,Active,,,https://www.redfin.com/VA/Falls-Church/5505-Seminary-Rd-22041/unit-218N/home/9660293,BRIGHT MLS,VAFX2033186,N,Y,38.8428843,-77.1206061
MLS Listing,,Townhouse,2231 Roanoke Dr,Alexandria,VA,22307,469500,2,2.0,BEACON MANOR,896,3745,1951,4,524,,Active,,,https://www.redfin.com/VA/Alexandria/2231-Roanoke-Dr-22307/home/9791835,BRIGHT MLS,VAFX2026134,N,Y,38.7690646,-77.0698086
MLS Listing,,Single Family Residential,6014 Lomack Ct,Alexandria,VA,22312,549900,3,1.5,LINCOLNIA HILLS,1636,14902,1958,4,336,,Active,,,https://www.redfin.com/VA/Alexandria/6014-Lomack-Ct-22312/home/11856747,BRIGHT MLS,VAAX2005742,N,Y,38.8258375,-77.13618
MLS Listing,,Townhouse,6606 Dunwich Way,Alexandria,VA,22315,700000,3,3.0,KINGSTOWNE SEC 33B,2156,1870,1990,4,325,105,Active,,,https://www.redfin.com/VA/Alexandria/6606-Dunwich-Way-22315/home/9784004,BRIGHT MLS,VAFX2030046,N,Y,38.7740493,-77.1407305
MLS Listing,,Townhouse,6624 Morning View Ct,Alexandria,VA,22315,435000,2,1.5,LANDSDOWNE,1080,1995,1988,4,403,102,Active,,,https://www.redfin.com/VA/Alexandria/6624-Morning-View-Ct-22315/home/9806931,BRIGHT MLS,VAFX2032092,N,Y,38.7417008,-77.169265
MLS Listing,,Townhouse,830 S Pitt St,Alexandria,VA,22314,835000,2,2.0,YATES GARDENS,1225,1462,1942,4,682,,Active,,,https://www.redfin.com/VA/Alexandria/830-S-Pitt-St-22314/home/11842137,BRIGHT MLS,VAAX2005802,N,Y,38.795784,-77.046402
MLS Listing,,Condo/Co-op,6974 Ellingham Cir Unit D,Alexandria,VA,22315,349900,2,2.0,ETON SQUARE CONDO,1053,,1991,4,332,546,Active,,,https://www.redfin.com/VA/Alexandria/6974-Ellingham-Cir-22315/unit-D/home/177473565,BRIGHT MLS,VAFX2032240,N,Y,38.7662,-77.140706
MLS Listing,,Condo/Co-op,5986 Kimberly Anne Way #5986,Alexandria,VA,22310,374900,2,2.5,SYCAMORES AT VAN DORN CO,1270,,1996,4,295,515,Active,December-11-2021 01:00 PM,December-11-2021 03:00 PM,https://www.redfin.com/VA/Alexandria/5986-Kimberly-Anne-Way-22310/unit-5986/home/112062139,BRIGHT MLS,VAFX2001391,N,Y,38.792087,-77.141122
MLS Listing,,Condo/Co-op,16 S Van Dorn St #607,Alexandria,VA,22304,224900,2,1.0,TWENTY-ONE,1025,,1963,4,219,525,Active,,,https://www.redfin.com/VA/Alexandria/16-S-Van-Dorn-St-22304/unit-607/home/11879355,BRIGHT MLS,VAAX2005858,N,Y,38.8132065,-77.1283371
MLS Listing,,Single Family Residential,1114 Westmoreland Rd,Alexandria,VA,22308,1165000,5,4.5,WELLINGTON ESTATES,3750,6250,2022,4,311,,Active,,,https://www.redfin.com/VA/Alexandria/1114-Westmoreland-Rd-22308/home/162644218,BRIGHT MLS,VAFX2033102,N,Y,38.741027,-77.050548
MLS Listing,,Townhouse,350 Cameron Station Blvd,Alexandria,VA,22304,825000,3,3.5,CAMERON STATION,2552,1914,2001,4,323,133,Active,,,https://www.redfin.com/VA/Alexandria/350-Cameron-Station-Blvd-22304/home/11875274,BRIGHT MLS,VAAX2005684,N,Y,38.8062204,-77.1228294
MLS Listing,,Condo/Co-op,3701 S George Mason Dr Unit 2610N,Falls Church,VA,22041,285000,1,1.0,SKYLINE PLAZA N CONDO,821,,1973,4,347,454,Active,,,https://www.redfin.com/VA/Falls-Church/3701-S-George-Mason-Dr-22041/unit-2610N/home/9657771,BRIGHT MLS,VAFX2032374,N,Y,38.8437982,-77.114403
MLS Listing,,Condo/Co-op,5250 Valley Forge Dr #203,Alexandria,VA,22304,230000,2,1.0,WAPLETON,1084,,1966,4,212,671,Active,,,https://www.redfin.com/VA/Alexandria/5250-Valley-Forge-Dr-22304/unit-203/home/11854527,BRIGHT MLS,VAAX2005780,N,Y,38.8107553,-77.1236626
MLS Listing,,Condo/Co-op,3650 S Glebe Rd #455,Arlington,VA,22202,410000,1,1.0,ECLIPSE ON CENTER PARK,675,,2007,4,607,400,Active,,,https://www.redfin.com/VA/Arlington/3650-S-Glebe-Rd-22202/unit-455/home/16896620,BRIGHT MLS,VAAR2007626,N,Y,38.8423093,-77.0509145
MLS Listing,,Single Family Residential,6208 Bernard Ave,Alexandria,VA,22310,500000,3,2.0,GUILFORD,1344,18000,1964,4,372,,Active,,,https://www.redfin.com/VA/Alexandria/6208-Bernard-Ave-22310/home/9753380,BRIGHT MLS,VAFX2030560,N,Y,38.7827946,-77.1276405
MLS Listing,,Townhouse,1555 Mount Eagle Pl,Alexandria,VA,22302,429900,2,1.0,PARKFAIRFAX,930,,1941,4,462,477,Active,,,https://www.redfin.com/VA/Alexandria/1555-Mt-Eagle-Pl-22302/home/11860837,BRIGHT MLS,VAAX2006002,N,Y,38.8375579,-77.0818205
MLS Listing,,Condo/Co-op,205 Skyhill Rd #3,Alexandria,VA,22314,334000,2,1.0,SEMINARY WALK,862,,1959,4,387,295,Active,,,https://www.redfin.com/VA/Alexandria/205-Skyhill-Rd-22314/unit-3/home/11868289,BRIGHT MLS,VAAX2005904,N,Y,38.8100272,-77.076188
MLS Listing,,Condo/Co-op,900 N Washington St Unit 303E,Alexandria,VA,22314,695000,2,2.0,NORTH WASHINGTON ST COND,1150,,2009,4,604,608,Active,,,https://www.redfin.com/VA/Alexandria/900-N-Washington-St-22314/unit-303E/home/22101484,BRIGHT MLS,VAAX2005818,N,Y,38.8143723,-77.0454274
MLS Listing,,Condo/Co-op,5500 Holmes Run Pkwy #203,Alexandria,VA,22304,219900,1,1.0,PLACE ONE,680,,1974,4,323,369,Active,,,https://www.redfin.com/VA/Alexandria/5500-Holmes-Run-Pkwy-22304/unit-203/home/11855887,BRIGHT MLS,VAAX2005918,N,Y,38.8177987,-77.1277079
MLS Listing,,Condo/Co-op,220 N St Asaph St #12,Alexandria,VA,22314,450000,2,1.0,WHALES TAIL,701,,1974,4,642,280,Active,,,https://www.redfin.com/VA/Alexandria/220-N-Saint-Asaph-St-22314/unit-12/home/177420438,BRIGHT MLS,VAAX2005752,N,Y,38.8068246,-77.0456748
MLS Listing,,Condo/Co-op,5911 Edsall Rd #1109,Alexandria,VA,22304,200950,1,1.0,HIGHPOINTE,673,,1978,5,299,457,Active,,,https://www.redfin.com/VA/Alexandria/5911-Edsall-Rd-22304/unit-1109/home/11869859,BRIGHT MLS,VAAX2005494,N,Y,38.8079336,-77.1369216
MLS Listing,,Single Family Residential,200 W Monroe Ave,Alexandria,VA,22301,1845000,5,4.5,ROSEMONT,3702,5750,1910,5,498,,Active,,,https://www.redfin.com/VA/Alexandria/200-W-Monroe-Ave-22301/home/11848408,BRIGHT MLS,VAAX2002352,N,Y,38.8196259,-77.0666324
MLS Listing,,Single Family Residential,4406 Upland Dr,Alexandria,VA,22310,984000,4,3.5,CLERMONT,4435,12049,1994,6,222,,Active,,,https://www.redfin.com/VA/Alexandria/4406-Upland-Dr-22310/home/9756118,BRIGHT MLS,VAFX2029962,N,Y,38.7986743,-77.1085366
MLS Listing,,Condo/Co-op,422 N Armistead St #302,Alexandria,VA,22312,249900,3,1.5,MAYFLOWER SQUARE,1068,,1965,6,234,444,Active,,,https://www.redfin.com/VA/Alexandria/422-N-Armistead-St-22312/unit-302/home/11861730,BRIGHT MLS,VAAX2005844,N,Y,38.82057,-77.13396
MLS Listing,,Condo/Co-op,4256 Buckman Rd #27,Alexandria,VA,22309,145000,1,1.0,PINEWOOD SOUTH,700,,1965,6,207,405,Active,,,https://www.redfin.com/VA/Alexandria/4256-Buckman-Rd-22309/unit-27/home/9814579,BRIGHT MLS,VAFX2030058,N,Y,38.7302487,-77.1073755
MLS Listing,,Condo/Co-op,3713 S George Mason Dr #810,Falls Church,VA,22041,315000,2,2.0,SKYLINE HOUSE CONDO,1389,,1979,6,227,648,Active,,,https://www.redfin.com/VA/Falls-Church/3713-S-George-Mason-Dr-22041/unit-810/home/9659841,BRIGHT MLS,VAFX2032484,N,Y,38.8418197,-77.1175495
MLS Listing,,Condo/Co-op,312 S Washington St #602,Alexandria,VA,22314,1700000,3,2.0,OLD TOWN ALEXANDRIA,1694,,2021,6,1004,605,Active,,,https://www.redfin.com/VA/Alexandria/312-S-Washington-St-22314/unit-602/home/177360955,BRIGHT MLS,VAAX2005890,N,Y,38.8022764,-77.0472265
MLS Listing,,Condo/Co-op,312 S Washington St #402,Alexandria,VA,22314,1370000,3,2.5,OLD TOWN ALEXANDRIA,1694,,2021,6,809,605,Active,,,https://www.redfin.com/VA/Alexandria/312-S-Washington-St-22314/unit-402/home/177360269,BRIGHT MLS,VAAX2005888,N,Y,38.8022764,-77.0472265
MLS Listing,,Condo/Co-op,312 S Washington St #302,Alexandria,VA,22314,1340000,3,2.5,OLD TOWN ALEXANDRIA,1694,,2021,6,791,605,Active,,,https://www.redfin.com/VA/Alexandria/312-S-Washington-St-22314/unit-302/home/177360255,BRIGHT MLS,VAAX2005878,N,Y,38.8022764,-77.0472265
MLS Listing,,Condo/Co-op,4860 Eisenhower Ave #480,Alexandria,VA,22304,258924,1,1.0,EXCHANGE AT VAN DORN,771,,2003,6,336,393,Active,,,https://www.redfin.com/VA/Alexandria/4860-Eisenhower-Ave-22333/unit-480/home/11878606,BRIGHT MLS,VAAX2005880,N,Y,38.8013042,-77.1193026
MLS Listing,,Single Family Residential,806 N Latham St,Alexandria,VA,22304,780000,4,3.0,BELLE WOOD,2448,12231,1963,6,319,,Active,,,https://www.redfin.com/VA/Alexandria/806-N-Latham-St-22304/home/11853677,BRIGHT MLS,VAAX2005876,N,Y,38.8194655,-77.1118632
MLS Listing,,Condo/Co-op,3701 S George Mason Dr Unit 1013N,Falls Church,VA,22041,315000,2,1.5,SKYLINE PLAZA N  CONDO,1177,,1973,7,268,651,Active,,,https://www.redfin.com/VA/Falls-Church/3701-S-George-Mason-Dr-22041/unit-1013N/home/9657108,BRIGHT MLS,VAFX2031376,N,Y,38.8437982,-77.114403
MLS Listing,,Condo/Co-op,801 N Pitt St #1004,Alexandria,VA,22314,315000,1,1.0,PORT ROYAL,787,,1965,8,400,725,Active,,,https://www.redfin.com/VA/Alexandria/801-N-Pitt-St-22314/unit-1004/home/11866947,BRIGHT MLS,VAAX2005842,N,Y,38.8133756,-77.042279
MLS Listing,,Townhouse,8612 Village Way,Alexandria,VA,22309,199999,2,1.5,THE VILLAGES CONDO,950,,1974,9,211,400,Active,,,https://www.redfin.com/VA/Alexandria/8612-Village-Way-22309/unit-4-8612/home/9810299,BRIGHT MLS,VAFX2032228,N,Y,38.723859,-77.127734
MLS Listing,,Condo/Co-op,2059 Huntington Ave #404,Alexandria,VA,22303,210000,1,1.0,HUNTING CREEK CLUB APTS,850,,1972,9,247,470,Active,,,https://www.redfin.com/VA/Alexandria/2059-Huntington-Ave-22303/unit-404/home/9762516,BRIGHT MLS,VAFX2031392,N,Y,38.7903417,-77.0666606
MLS Listing,,Townhouse,8076 Pantano Pl #9,Alexandria,VA,22309,235000,2,1.5,SEQUOYAH PH 4C,1058,,1978,9,222,427,Active,,,https://www.redfin.com/VA/Alexandria/8076-Pantano-Pl-22309/unit-9/home/9813283,BRIGHT MLS,VAFX2032082,N,Y,38.744036,-77.09582
MLS Listing,,Condo/Co-op,523 N Armistead St #103,Alexandria,VA,22312,215999,3,1.5,SAXONY SQUARE,1182,1182,1967,11,183,691,Active,,,https://www.redfin.com/VA/Alexandria/523-N-Armistead-St-22312/unit-103/home/11865900,BRIGHT MLS,VAAX2005426,N,Y,38.8225766,-77.1333092
MLS Listing,,Townhouse,5904 Saint Giles Way,Alexandria,VA,22315,479900,3,2.5,KINGSTOWNE SEC 26,1112,1065,1991,11,432,105,Active,,,https://www.redfin.com/VA/Alexandria/5904-St-Giles-Way-22315/home/9787973,BRIGHT MLS,VAFX2029852,N,Y,38.7582969,-77.1403081
MLS Listing,,Single Family Residential,7923 Flamingo Dr,Alexandria,VA,22306,77000,2,2.0,AUDUBON ESTATES,790,,1994,11,97,,Active,,,https://www.redfin.com/VA/Alexandria/7923-Flamingo-Dr-22306/home/177328455,BRIGHT MLS,VAFX2031976,N,Y,38.742727,-77.0909697
MLS Listing,,Single Family Residential,3811 Laurel Rd,Alexandria,VA,22309,600000,3,2.0,WOODLEY HILLS,1713,31938,1952,11,350,,Active,,,https://www.redfin.com/VA/Alexandria/3811-Laurel-Rd-22309/home/9826744,BRIGHT MLS,VAFX2030914,N,Y,38.7217143,-77.0987363
MLS Listing,,Condo/Co-op,6301 Stevenson Ave #208,Alexandria,VA,22304,293999,2,2.0,OLYMPUS INCL,1110,,1974,12,265,1041,Active,,,https://www.redfin.com/VA/Alexandria/6301-Stevenson-Ave-22304/unit-208/home/11855120,BRIGHT MLS,VAAX2005480,N,Y,38.8137361,-77.1402923
MLS Listing,,Single Family Residential,8905 Union Farm Rd,Alexandria,VA,22309,725000,4,3.5,KEUHLING,2808,9000,1975,12,258,,Active,,,https://www.redfin.com/VA/Alexandria/8905-Union-Farm-Rd-22309/home/9825611,BRIGHT MLS,VAFX2030718,N,Y,38.7155943,-77.109166
MLS Listing,,Condo/Co-op,2410 Stella Pl,Alexandria,VA,22303,779590,3,2.5,HUNTINGTON CROSSING,2226,,2021,13,350,210,Active,,,https://www.redfin.com/VA/Alexandria/2410-Stella-Pl-22303/home/177302130,BRIGHT MLS,VAFX2031918,N,Y,38.79187,-77.07668
MLS Listing,,Condo/Co-op,2394 Stella Pl,Alexandria,VA,22303,783190,3,2.5,HUNTINGTON CROSSING,2226,,2021,13,352,210,Active,,,https://www.redfin.com/VA/Alexandria/2394-Stella-Pl-22303/home/177302122,BRIGHT MLS,VAFX2031920,N,Y,38.79187,-77.07668
MLS Listing,,Condo/Co-op,2412 Stella Pl,Alexandria,VA,22303,696590,3,2.5,HUNTINGTON CROSSING,1843,,2021,13,378,210,Active,,,https://www.redfin.com/VA/Alexandria/2412-Stella-Pl-22303/home/177302039,BRIGHT MLS,VAFX2031916,N,Y,38.79187,-77.07668
MLS Listing,,Single Family Residential,613 Malcolm Pl,Alexandria,VA,22302,1650000,5,4.0,JEFFERSON PARK,2640,5400,1946,13,625,,Active,,,https://www.redfin.com/VA/Alexandria/613-Malcolm-Pl-22302/home/11848680,BRIGHT MLS,VAAX2005508,N,Y,38.8230992,-77.0721635
MLS Listing,,Single Family Residential,5635 Glenwood Dr,Alexandria,VA,22310,749900,4,3.0,CLERMONT,2690,12798,1971,15,279,,Active,,,https://www.redfin.com/VA/Alexandria/5635-Glenwood-Dr-22310/home/9755477,BRIGHT MLS,VAFX2030846,N,Y,38.7985585,-77.1132567
MLS Listing,,Townhouse,6537 Tartan Vista Dr,Alexandria,VA,22312,619000,2,3.5,THE PINECREST SEC 8-1,2440,2514,1985,15,254,89,Active,,,https://www.redfin.com/VA/Alexandria/6537-Tartan-Vista-Dr-22312/home/9723061,BRIGHT MLS,VAFX2031552,N,Y,38.8234388,-77.1647231
MLS Listing,,Condo/Co-op,6631 Wakefield Dr #804,Alexandria,VA,22307,135000,0,1.0,RIVER TOWERS,428,,1963,15,315,331,Active,,,https://www.redfin.com/VA/Alexandria/6631-Wakefield-Dr-22307/unit-804/home/9794264,BRIGHT MLS,VAFX2031748,N,Y,38.7716767,-77.0568511
MLS Listing,,Condo/Co-op,5911 Edsall Rd #701,Alexandria,VA,22304,259900,2,2.0,HIGHPOINTE,1002,,1978,15,259,579,Active,,,https://www.redfin.com/VA/Alexandria/5911-Edsall-Rd-22304/unit-701/home/11869794,BRIGHT MLS,VAAX2005750,N,Y,38.8079336,-77.1369216
MLS Listing,,Condo/Co-op,5340 Holmes Run Pkwy #804,Alexandria,VA,22304,335000,2,2.0,PAVILION ON THE PARK,1132,,1967,15,296,687,Active,,,https://www.redfin.com/VA/Alexandria/5340-Holmes-Run-Pkwy-22304/unit-804/home/11865594,BRIGHT MLS,VAAX2005738,N,Y,38.8158196,-77.1240227
MLS Listing,,Condo/Co-op,2331 Henshaw Pl #102,Alexandria,VA,22311,462330,2,2.0,MANORS AT STONEGATE,1210,,1992,15,382,561,Active,,,https://www.redfin.com/VA/Alexandria/2331-Henshaw-Pl-22311/unit-102/home/11871534,BRIGHT MLS,VAAX2005702,N,Y,38.8340402,-77.1105745
MLS Listing,,Condo/Co-op,2994 S Columbus St Unit B1,Arlington,VA,22206,305000,1,1.0,FAIRLINGTON VILLAGE,711,,1948,15,429,247,Active,,,https://www.redfin.com/VA/Arlington/2994-S-Columbus-St-22206/unit-B1/home/11861332,BRIGHT MLS,VAAX2005682,N,Y,38.8374667,-77.1012316
MLS Listing,,Condo/Co-op,2451 Midtown Ave #1412,Alexandria,VA,22303,744900,2,2.0,MIDTOWN ALEXANDRIA STATI,1748,,2007,15,426,645,Active,,,https://www.redfin.com/VA/Alexandria/2451-Midtown-Ave-22303/unit-1412/home/22959685,BRIGHT MLS,VAFX2030568,N,Y,38.7966107,-77.0742479
MLS Listing,,Condo/Co-op,53 Skyhill Rd #102,Alexandria,VA,22314,390000,3,2.0,SEMINARY WALK,1105,,1959,16,353,390,Active,,,https://www.redfin.com/VA/Alexandria/53-Skyhill-Rd-22314/unit-102/home/11867581,BRIGHT MLS,VAAX2005676,N,Y,38.808114,-77.0767646
MLS Listing,,Single Family Residential,8203 Glyn St,Alexandria,VA,22309,425000,3,1.0,MT VERNON VALLEY,1008,12150,1964,16,422,,Active,,,https://www.redfin.com/VA/Alexandria/8203-Glyn-St-22309/home/9814206,BRIGHT MLS,VAFX2029008,N,Y,38.7350788,-77.1099302
MLS Listing,,Condo/Co-op,3713 S George Mason Dr Unit 811W,Falls Church,VA,22041,395000,3,2.5,SKYLINE HOUSE CONDO,1705,,1979,16,232,800,Active,,,https://www.redfin.com/VA/Falls-Church/3713-S-George-Mason-Dr-22041/unit-811W/home/177279156,BRIGHT MLS,VAFX2031676,N,Y,38.8418197,-77.1175495
MLS Listing,,Townhouse,1214 Oronoco St,Alexandria,VA,22314,690000,3,1.0,OLD TOWN ALEXANDRIA,1640,2160,1942,16,421,,Active,,,https://www.redfin.com/VA/Alexandria/1214-Oronoco-St-22314/home/11840176,BRIGHT MLS,VAAX2005618,N,Y,38.8101648,-77.0521498
MLS Listing,,Townhouse,6264 Walkers Croft Way,Alexandria,VA,22315,565000,2,3.5,KINGSTOWNE SEC 11 SEC 12,2000,1700,1991,17,283,105,Active,,,https://www.redfin.com/VA/Alexandria/6264-Walkers-Croft-Way-22315/home/9785757,BRIGHT MLS,VAFX2031282,N,Y,38.754654,-77.156792
MLS Listing,,Townhouse,5970 Edgehill Ct,Alexandria,VA,22303,629000,3,3.5,HUNTINGTON COMMONS,1456,1387,1996,17,432,93,Active,,,https://www.redfin.com/VA/Alexandria/5970-Edgehill-Ct-22303/home/9763888,BRIGHT MLS,VAFX2031206,N,Y,38.7877099,-77.081922
MLS Listing,,Condo/Co-op,545 E Braddock Rd #503,Alexandria,VA,22314,460000,2,1.0,COLECROFT,912,,1987,17,504,407,Active,,,https://www.redfin.com/VA/Alexandria/545-E-Braddock-Rd-22314/unit-503/home/11870226,BRIGHT MLS,VAAX2005686,N,Y,38.8122047,-77.0539883
MLS Listing,,Townhouse,456 S Union St,Alexandria,VA,22314,865000,2,1.5,HARBORSIDE,1308,,1993,17,661,465,Active,,,https://www.redfin.com/VA/Alexandria/456-S-Union-St-22314/unit-7/home/11870902,BRIGHT MLS,VAAX2005712,N,Y,38.8001125,-77.0410047
MLS Listing,,Townhouse,2908 S Buchanan St,Arlington,VA,22206,579900,2,2.0,FAIRLINGTON VIL,922,,1944,17,629,412,Active,,,https://www.redfin.com/VA/Arlington/2908-S-Buchanan-St-22206/home/11268743,BRIGHT MLS,VAAR2007484,N,Y,38.8389397,-77.1003918
MLS Listing,,Single Family Residential,1043 Dalebrook Dr,Alexandria,VA,22308,769000,4,3.5,WAYNEWOOD,1871,10755,1959,17,411,,Active,,,https://www.redfin.com/VA/Alexandria/1043-Dalebrook-Dr-22308/home/9820267,BRIGHT MLS,VAFX2031450,N,Y,38.7247663,-77.0498126
MLS Listing,,Single Family Residential,2505 Popkins Ln,Alexandria,VA,22306,619000,4,2.0,CALVERT,1850,10075,1950,17,335,,Active,,,https://www.redfin.com/VA/Alexandria/2505-Popkins-Ln-22306/home/9795354,BRIGHT MLS,VAFX2031466,N,Y,38.762164,-77.0758508
MLS Listing,,Condo/Co-op,1250 S Washington St #215,Alexandria,VA,22314,520000,1,1.5,PORTO VECCHIO,1122,,1983,17,463,978,Active,,,https://www.redfin.com/VA/Alexandria/1250-S-Washington-St-22314/unit-215/home/11868365,BRIGHT MLS,VAAX2005706,N,Y,38.7905151,-77.0499919
MLS Listing,,Condo/Co-op,6641 Wakefield Dr #209,Alexandria,VA,22307,270000,2,1.5,RIVER TOWERS CONDO,959,,1963,17,282,741,Active,,,https://www.redfin.com/VA/Alexandria/6641-Wakefield-Dr-22307/unit-209/home/9793972,BRIGHT MLS,VAFX2031086,N,Y,38.77217,-77.058763
MLS Listing,,Townhouse,5219 Harbor Court Dr,Alexandria,VA,22315,499999,3,2.5,D EVEREAUX WEST,1813,2178,1983,17,276,110,Active,,,https://www.redfin.com/VA/Alexandria/5219-Harbor-Ct-Dr-22315/home/9782850,BRIGHT MLS,VAFX2030244,N,Y,38.769432,-77.128367
MLS Listing,,Single Family Residential,7530 Cross Gate Ln,Alexandria,VA,22315,629950,2,2.5,KINGSTOWNE,1930,4212,1988,17,326,105,Active,,,https://www.redfin.com/VA/Alexandria/7530-Cross-Gate-Ln-22315/home/9787502,BRIGHT MLS,VAFX2030578,N,Y,38.7540384,-77.1446291
MLS Listing,,Condo/Co-op,8610-D Beekman Pl Unit 10D,Alexandria,VA,22309,179900,1,1.0,CLUSTERS AT,592,,1984,18,304,297,Active,,,https://www.redfin.com/VA/Alexandria/8610-Beekman-Pl-22309/unit-10D/home/143423382,BRIGHT MLS,VAFX2030968,N,Y,38.723436,-77.126255
MLS Listing,,Townhouse,3736 Keller Ave,Alexandria,VA,22302,529000,2,2.0,FAIRLINGTON TOWNE,1312,,1954,18,403,315,Active,,,https://www.redfin.com/VA/Alexandria/3736-Keller-Ave-22302/unit-125/home/11866644,BRIGHT MLS,VAAX2000221,N,Y,38.8287181,-77.0936554
MLS Listing,,Townhouse,3710 Gunston Rd #920,Alexandria,VA,22302,329000,1,1.0,PARKFAIRFAX,780,,1941,18,422,407,Active,,,https://www.redfin.com/VA/Alexandria/3710-Gunston-Rd-22302/unit-920/home/143338138,BRIGHT MLS,VAAX2005574,N,Y,38.8391942,-77.0811114
MLS Listing,,Condo/Co-op,4 S Van Dorn St #603,Alexandria,VA,22304,164308,1,1.0,TWENTY-ONE,750,,1963,18,219,429,Active,,,https://www.redfin.com/VA/Alexandria/4-S-Van-Dorn-St-22304/unit-603/home/11879393,BRIGHT MLS,VAAX2005662,N,Y,38.813287,-77.127618
MLS Listing,,Townhouse,6633 Medinah Ln,Alexandria,VA,22312,538900,2,3.5,PINECREST SEC 6 SEC 7,1627,1260,1985,19,331,83,Active,,,https://www.redfin.com/VA/Alexandria/6633-Medinah-Ln-22312/home/9719791,BRIGHT MLS,VAFX2029178,N,Y,38.8245646,-77.1690404
MLS Listing,,Condo/Co-op,3701 S George Mason Dr Unit 2412 N,Falls Church,VA,22041,315000,1,1.0,SKYLINE PLAZA N,959,,1973,19,328,530,Active,,,https://www.redfin.com/VA/Falls-Church/3701-S-George-Mason-Dr-22041/unit-2412N/home/9657692,BRIGHT MLS,VAFX2029350,N,Y,38.8437982,-77.114403
MLS Listing,,Condo/Co-op,3701 S George Mason Unit 105N,Falls Church,VA,22041,359000,3,2.0,SKYLINE PLAZA NORTH COND,1712,,1973,19,210,947,Active,,,https://www.redfin.com/VA/Falls-Church/3701-S-George-Mason-Dr-22041/unit-105N/home/9656680,BRIGHT MLS,VAFX2031200,N,Y,38.8437982,-77.114403
MLS Listing,,Townhouse,7929 Central Park Cir,Alexandria,VA,22309,449000,4,2.5,PINEWOOD LAKE,1408,3962,1972,19,319,135,Active,,,https://www.redfin.com/VA/Alexandria/7929-Central-Park-Cir-22309/home/9812044,BRIGHT MLS,VAFX2031198,N,Y,38.744155,-77.109537
MLS Listing,,Condo/Co-op,5501 Seminary Rd Unit 801S,Falls Church,VA,22041,247500,1,1.0,SKYLINE SQUARE CONDO,914,,1982,20,271,392,Active,,,https://www.redfin.com/VA/Falls-Church/5501-Seminary-Rd-22041/unit-801S/home/9661552,BRIGHT MLS,VAFX2029362,N,Y,38.8419602,-77.1202465
MLS Listing,,Condo/Co-op,5831 Quantrell Ave Unit T2,Alexandria,VA,22312,185000,2,1.0,THE SEASONS,900,,1963,20,206,520,Active,,,https://www.redfin.com/VA/Alexandria/5831-Quantrell-Ave-22312/unit-T2/home/11856244,BRIGHT MLS,VAAX2005614,N,Y,38.8184249,-77.1347728
MLS Listing,,Condo/Co-op,442 N Armistead St #301,Alexandria,VA,22312,249500,2,1.0,MAYFLOWER SQUARE,925,,1965,20,270,426,Active,,,https://www.redfin.com/VA/Alexandria/442-N-Armistead-St-22312/unit-301/home/11861876,BRIGHT MLS,VAAX2005562,N,Y,38.8209545,-77.1334826
MLS Listing,,Townhouse,638 N Armistead St,Alexandria,VA,22312,609900,3,3.5,BEAUREGARD HEIGHTS,2508,,1976,20,243,335,Active,,,https://www.redfin.com/VA/Alexandria/638-N-Armistead-St-22312/home/11856549,BRIGHT MLS,VAAX2005576,N,Y,38.8237278,-77.1356407
MLS Listing,,Condo/Co-op,2625 S Walter Reed Dr Unit A,Arlington,VA,22206,375000,2,1.0,THE ARLINGTON,810,,1950,20,463,307,Active,,,https://www.redfin.com/VA/Arlington/2625-S-Walter-Reed-Dr-22206/unit-A/home/11268090,BRIGHT MLS,VAAR2007160,N,Y,38.8420435,-77.1037493
MLS Listing,,Condo/Co-op,5501 Seminary Rd Unit 606S,Falls Church,VA,22041,324900,2,2.0,SKYLINE SQUARE,1303,,1982,20,249,585,Active,,,https://www.redfin.com/VA/Falls-Church/5501-Seminary-Rd-22041/unit-606S/home/9661491,BRIGHT MLS,VAFX2030900,N,Y,38.8419602,-77.1202465
MLS Listing,,Condo/Co-op,4550 Strutfield Ln #2302,Alexandria,VA,22311,355000,2,1.0,PALAZZO AT PARK CENTER,878,,2000,21,404,335,Active,,,https://www.redfin.com/VA/Alexandria/4550-Strutfield-Ln-22311/unit-2302/home/11877589,BRIGHT MLS,VAAX2005384,N,Y,38.8355869,-77.10574
MLS Listing,,Townhouse,411 N Fairfax St,Alexandria,VA,22314,825000,1,1.5,PRINCESS,1196,1199,1977,23,690,183,Active,,,https://www.redfin.com/VA/Alexandria/411-N-Fairfax-St-22314/home/11859123,BRIGHT MLS,VAAX2005376,N,Y,38.8084142,-77.041222
MLS Listing,,Condo/Co-op,3462 Martha Custis Dr #314,Alexandria,VA,22302,299000,1,1.0,PARKFAIRFAX,750,,1941,23,399,391,Active,,,https://www.redfin.com/VA/Alexandria/3462-Martha-Custis-Dr-22302/unit-314/home/45395567,BRIGHT MLS,VAAX2005498,N,Y,38.8375179,-77.084006
MLS Listing,,Single Family Residential,9305 Ludgate Dr,Alexandria,VA,22309,1495000,4,3.5,WYCLIFFE ON THE POTOMAC,5176,13244,1990,23,289,,Active,,,https://www.redfin.com/VA/Alexandria/9305-Ludgate-Dr-22309/home/9827671,BRIGHT MLS,VAFX2030676,N,Y,38.7036861,-77.0948249
MLS Listing,,Condo/Co-op,6641 Wakefield Dr #315,Alexandria,VA,22307,217900,1,1.0,RIVER TOWERS CONDO,714,,1963,23,305,560,Active,,,https://www.redfin.com/VA/Alexandria/6641-Wakefield-Dr-22307/unit-315/home/9793998,BRIGHT MLS,VAFX2030376,N,Y,38.77217,-77.058763
MLS Listing,,Vacant Land,Highland,Alexandria,VA,22310,994000,,,HIGHLAND PARK,,40791,,23,,,Active,,,https://www.redfin.com/VA/Alexandria/Highland-Dr-22310/home/143758140,BRIGHT MLS,VAFX2030706,N,Y,38.77906545,-77.10864603
MLS Listing,,Single Family Residential,1215 Duke St,Alexandria,VA,22314,2550000,3,2.5,OLD TOWN,2480,4500,1880,23,1028,,Active,,,https://www.redfin.com/VA/Alexandria/1215-Duke-St-22314/home/11840061,BRIGHT MLS,VAAX2005430,N,Y,38.8037185,-77.0534724
MLS Listing,,Townhouse,6368 Brampton Ct,Alexandria,VA,22304,809999,3,4.0,LANDMARK MEWS,3062,2208,1982,23,265,165,Active,,,https://www.redfin.com/VA/Alexandria/6368-Brampton-Ct-22304/home/9724492,BRIGHT MLS,VAFX2030648,N,Y,38.810798,-77.146985
MLS Listing,,Townhouse,7223 Stover Dr,Alexandria,VA,22306,459900,3,2.5,WOODSTONE,1092,1260,1987,23,421,78,Active,,,https://www.redfin.com/VA/Alexandria/7223-Stover-Dr-22306/home/9791267,BRIGHT MLS,VAFX2030652,N,Y,38.762668,-77.100588
MLS Listing,,Condo/Co-op,6922 Mary Caroline Cir Unit G,Alexandria,VA,22310,310000,2,2.0,VICTORIA CROSSNGS AT MAN,1539,,1988,23,201,336,Active,,,https://www.redfin.com/VA/Franconia/6922-Mary-Caroline-Cir-22310/unit-G/home/9781842,BRIGHT MLS,VAFX2030154,N,Y,38.7664792,-77.1453916
MLS Listing,,Condo/Co-op,6613 10th St Unit C1,Alexandria,VA,22307,308000,2,1.0,BELLE VIEW,785,,1950,23,392,389,Active,,,https://www.redfin.com/VA/Alexandria/6613-10th-St-22307/unit-C1/home/9794967,BRIGHT MLS,VAFX2030636,N,Y,38.77424,-77.053648
MLS Listing,,Condo/Co-op,3705 S George Mason Dr Unit 415S,Falls Church,VA,22041,369900,3,2.0,SKYLINE PLAZA,1842,,1975,23,201,980,Active,,,https://www.redfin.com/VA/Falls-Church/3705-S-George-Mason-Dr-22041/unit-415S/home/9657988,BRIGHT MLS,VAFX2030634,N,Y,38.84292,-77.1137662
MLS Listing,,Condo/Co-op,4850 Eisenhower Ave #329,Alexandria,VA,22304,350000,2,2.0,EXCHANGE AT VAN DORN,1094,,2003,23,320,511,Active,,,https://www.redfin.com/VA/Alexandria/4850-Eisenhower-Ave-22304/unit-329/home/11878395,BRIGHT MLS,VAAX2005120,N,Y,38.801947,-77.119551
MLS Listing,,Condo/Co-op,6300 Stevenson Ave #122,Alexandria,VA,22304,289000,2,2.0,SENTINEL OF LANDMARK,1066,,1980,24,271,698,Active,,,https://www.redfin.com/VA/Alexandria/6300-Stevenson-Ave-22304/unit-122/home/11864159,BRIGHT MLS,VAAX2005340,N,Y,38.812736,-77.1410563
MLS Listing,,Condo/Co-op,309 Yoakum Pkwy #801,Alexandria,VA,22304,384900,3,2.5,WATERGATE AT LANDMARK,1834,,1979,24,210,1374,Active,,,https://www.redfin.com/VA/Alexandria/309-Yoakum-Pkwy-22304/unit-801/home/11863454,BRIGHT MLS,VAAX2005438,N,Y,38.8070321,-77.1428697
MLS Listing,,Condo/Co-op,621 N Saint Asaph St #204,Alexandria,VA,22314,649900,2,1.5,PORTNER HOUSE,935,,1999,24,695,436,Active,,,https://www.redfin.com/VA/Alexandria/621-N-St-Asaph-St-22314/unit-204/home/11874666,BRIGHT MLS,VAAX2005522,N,Y,38.811348,-77.044138
MLS Listing,,Condo/Co-op,273 S Pickett St #202,Alexandria,VA,22304,385000,2,2.0,HILLWOOD,1150,,1995,24,335,343,Active,,,https://www.redfin.com/VA/Alexandria/273-S-Pickett-St-22304/unit-202/home/11870489,BRIGHT MLS,VAAX2005534,N,Y,38.8088696,-77.1247246
MLS Listing,,Condo/Co-op,181 E Reed Ave #211,Alexandria,VA,22305,479000,1,1.0,PRESTON,1014,,2003,24,472,534,Active,,,https://www.redfin.com/VA/Alexandria/181-E-Reed-Ave-22305/unit-211/home/11877919,BRIGHT MLS,VAAX2005412,N,Y,38.836872,-77.0522188
MLS Listing,,Single Family Residential,2314 Candlewood Dr,Alexandria,VA,22308,759900,5,3.0,WILLMSBURG MNR NO,2526,14831,1964,24,301,,Active,,,https://www.redfin.com/VA/Alexandria/2314-Candlewood-Dr-22308/home/9819318,BRIGHT MLS,VAFX2030538,N,Y,38.7357786,-77.0748165
MLS Listing,,Townhouse,1009 First St,Alexandria,VA,22314,715000,4,2.5,WESTOVER,1404,2423,1971,24,509,,Active,,,https://www.redfin.com/VA/Alexandria/1009-First-St-22314/home/11840480,BRIGHT MLS,VAAX2004648,N,Y,38.815714,-77.0481598
MLS Listing,,Condo/Co-op,4600 Duke St #1323,Alexandria,VA,22304,219900,2,1.0,FORTY SIX HUNDRED,1094,,1967,24,201,662,Active,,,https://www.redfin.com/VA/Alexandria/4600-Duke-St-22304/unit-1323/home/11858488,BRIGHT MLS,VAAX2005474,N,Y,38.8109268,-77.1115249
MLS Listing,,Condo/Co-op,4862 28th St S Unit C1,Arlington,VA,22206,339900,1,1.0,FAIRLINGTON VIL,711,,1944,24,478,247,Active,,,https://www.redfin.com/VA/Arlington/4862-28th-St-S-22206/unit-C1/home/11268239,BRIGHT MLS,VAAR2006922,N,Y,38.8404999,-77.1021924
MLS Listing,,Condo/Co-op,922 S Washington St #302,Alexandria,VA,22314,195000,0,1.0,BEARINGS SOUTH,451,,1941,24,432,345,Active,,,https://www.redfin.com/VA/Alexandria/922-S-Washington-St-22314/unit-302/home/11878863,BRIGHT MLS,VAAX2005490,N,Y,38.7950018,-77.0486507
MLS Listing,,Condo/Co-op,310 Strand St Unit 2-201,Alexandria,VA,22314,1595000,2,2.0,ROBINSON LANDING,1440,,2020,24,1108,1244,Active,,,https://www.redfin.com/VA/Alexandria/310-Strand-St-22314/unit-2-201/home/177163070,BRIGHT MLS,VAAX2005512,N,Y,38.8023394,-77.0400275
MLS Listing,,Townhouse,3827 Watkins Mill Dr,Alexandria,VA,22304,569990,0,1.0,TOWNES AT CAMERON PARKE,1636,1329,1998,25,348,117,Active,,,https://www.redfin.com/VA/Alexandria/3827-Watkins-Mill-Dr-22304/home/11872756,BRIGHT MLS,VAAX2005496,N,Y,38.8053616,-77.0950048
MLS Listing,,Condo/Co-op,3101 N Hampton Dr #313,Alexandria,VA,22302,264900,1,1.0,NORTHAMPTON PLACE,694,,2004,25,382,484,Active,,,https://www.redfin.com/VA/Alexandria/3101-N-Hampton-Dr-22302/unit-313/home/11877229,BRIGHT MLS,VAAX2005332,N,Y,38.8381428,-77.1055022
MLS Listing,,Condo/Co-op,1100 Quaker Hill Dr #427,Alexandria,VA,22314,293000,1,1.0,QUAKER HILL,996,,1991,25,294,556,Active,,,https://www.redfin.com/VA/Alexandria/1100-Quaker-Hill-Dr-22314/unit-427/home/11870879,BRIGHT MLS,VAAX2005394,N,Y,38.809899,-77.0843715
MLS Listing,,Condo/Co-op,3705 S George Mason Unit 1216S,Falls Church,VA,22041,285000,1,1.0,SKYLINE PLAZA SOUTH COND,951,,1975,25,300,535,Active,,,https://www.redfin.com/VA/Falls-Church/3705-S-George-Mason-Dr-22041/unit-1216S/home/9658323,BRIGHT MLS,VAFX2030388,N,Y,38.84292,-77.1137662
MLS Listing,,Multi-Family (2-4 Unit),11 Custis Ave E,Alexandria,VA,22301,1800000,,,DEL RAY,3800,8625,1930,25,474,,Active,,,https://www.redfin.com/VA/Alexandria/11-E-Custis-Ave-22301/home/11846709,BRIGHT MLS,VAAX2005322,N,Y,38.8250125,-77.0609211
MLS Listing,,Condo/Co-op,7917 San Leandro Pl Unit D,Alexandria,VA,22309,227900,2,1.5,SEQUOYAH CONDO,1100,,1977,25,207,464,Active,,,https://www.redfin.com/VA/Alexandria/7917-San-Leandro-Pl-22309/unit-D/home/45469894,BRIGHT MLS,VAFX2030192,N,Y,38.7462696,-77.0978492
MLS Listing,,Condo/Co-op,60 S Van Dorn St #511,Alexandria,VA,22304,214000,2,2.0,TWENTY-ONE,1048,,2006,25,204,661,Active,,,https://www.redfin.com/VA/Alexandria/60-S-Van-Dorn-St-22304/unit-511/home/11880016,BRIGHT MLS,VAAX2005460,N,Y,38.8124601,-77.1284324
MLS Listing,,Single Family Residential,5831 Piedmont Dr,Alexandria,VA,22310,729900,3,3.0,FIRST BROOKLAND ESTATES,2400,15031,1954,26,304,,Active,,,https://www.redfin.com/VA/Alexandria/5831-Piedmont-Dr-22310/home/9753548,BRIGHT MLS,VAFX2029228,N,Y,38.7914532,-77.1342474
MLS Listing,,Condo/Co-op,501 Slaters Ln #320,Alexandria,VA,22314,272000,1,1.0,MARINA TOWERS,605,,1970,26,450,437,Active,,,https://www.redfin.com/VA/Alexandria/501-Slaters-Ln-22314/unit-320/home/11864776,BRIGHT MLS,VAAX2005218,N,Y,38.8223881,-77.0417369
MLS Listing,,Condo/Co-op,3705 S George Mason Dr Unit 212S,Falls Church,VA,22041,239500,1,1.0,SKYLINE PLAZA S,959,,1975,26,250,530,Active,,,https://www.redfin.com/VA/Falls-Church/3705-S-George-Mason-Dr-22041/unit-212S/home/9657889,BRIGHT MLS,VAFX2024892,N,Y,38.84292,-77.1137662
MLS Listing,,Single Family Residential,5938 Telegraph Rd,Alexandria,VA,22310,499000,4,2.0,MARJORIE HOWARD,1421,21092,1959,26,351,,Active,,,https://www.redfin.com/VA/Alexandria/5938-Telegraph-Rd-22310/home/9758712,BRIGHT MLS,VAFX2030096,N,Y,38.7887449,-77.0878786
MLS Listing,,Condo/Co-op,2500 N Van Dorn St #625,Alexandria,VA,22302,260000,2,2.0,PARK PLACE,1042,,1965,27,250,803,Active,,,https://www.redfin.com/VA/Alexandria/2500-N-Van-Dorn-St-22302/unit-625/home/22673625,BRIGHT MLS,VAAX2005406,N,Y,38.8326778,-77.0997478
MLS Listing,,Condo/Co-op,3 Pioneer Ml #502,Alexandria,VA,22314,4595000,3,2.5,ROBINSON LANDING,2775,,2020,28,1656,2527,Active,,,https://www.redfin.com/VA/Alexandria/3-Pioneer-Mill-Way-22314/unit-502/home/177140703,BRIGHT MLS,VAAX2005364,N,Y,38.8014375,-77.0395908
MLS Listing,,Condo/Co-op,309 Yoakum Pkwy #916,Alexandria,VA,22304,335000,2,2.0,WATERGATE AT LANDMARK,1309,,1979,29,256,1001,Active,,,https://www.redfin.com/VA/Alexandria/309-Yoakum-Pkwy-22304/unit-916/home/11863484,BRIGHT MLS,VAAX2005344,N,Y,38.8070321,-77.1428697
MLS Listing,,Townhouse,3330 Valley Dr,Alexandria,VA,22302,339999,1,1.0,PARKFAIRFAX,780,,1941,30,436,407,Active,,,https://www.redfin.com/VA/Alexandria/3330-Valley-Dr-22302/home/22656358,BRIGHT MLS,VAAX2005246,N,Y,38.835224,-77.0800019
MLS Listing,,Single Family Residential,17 W Windsor Ave,Alexandria,VA,22301,1795000,6,5.0,ROSECREST,3800,5750,1933,30,472,,Active,,,https://www.redfin.com/VA/Alexandria/17-W-Windsor-Ave-22301/home/11846692,BRIGHT MLS,VAAX2004864,N,Y,38.8243311,-77.064159
MLS Listing,,Townhouse,107 N Payne St,Alexandria,VA,22314,835000,3,1.5,BAGGETT,1342,1190,1880,30,622,,Active,,,https://www.redfin.com/VA/Alexandria/107-N-Payne-St-22314/home/177088753,BRIGHT MLS,VAAX2005304,N,Y,38.806285,-77.053205
MLS Listing,,Condo/Co-op,1306 Belle Vw Unit C1,Alexandria,VA,22307,280000,2,1.0,BELLE VIEW CONDO,793,,1950,30,353,375,Active,,,https://www.redfin.com/VA/Alexandria/1306-Belle-View-Blvd-22307/unit-C1/home/9794520,BRIGHT MLS,VAFX2029172,N,Y,38.7754199,-77.056513
MLS Listing,,Single Family Residential,5276 Winter View Dr,Alexandria,VA,22312,1190000,4,3.5,OVERLOOK,3034,5716,1999,30,392,128,Active,,,https://www.redfin.com/VA/Alexandria/5276-Winter-View-Dr-22312/home/9724599,BRIGHT MLS,VAFX2029656,N,Y,38.8078776,-77.1466963
MLS Listing,,Condo/Co-op,400 Madison St #304,Alexandria,VA,22314,699000,2,2.0,ALEXANDRIA HOUSE,1298,,1975,30,539,1092,Active,,,https://www.redfin.com/VA/Alexandria/400-Madison-St-22314/unit-304/home/11841755,BRIGHT MLS,VAAX2005056,N,Y,38.8124313,-77.0424589
MLS Listing,,Single Family Residential,5966 Manorview Way,Alexandria,VA,22315,869999,4,3.5,NORTHHAMPTON,3098,3800,2006,31,281,105,Active,,,https://www.redfin.com/VA/Alexandria/5966-Manorview-Way-22315/home/12072958,BRIGHT MLS,VAFX2027714,N,Y,38.781631,-77.1367654
MLS Listing,,Condo/Co-op,807 N Howard St N #120,Alexandria,VA,22304,299900,2,2.0,PLAZA,1028,,1974,31,292,575,Active,,,https://www.redfin.com/VA/Alexandria/807-N-Howard-St-22304/unit-120/home/11868188,BRIGHT MLS,VAAX2005270,N,Y,38.8176725,-77.1053938
MLS Listing,,Condo/Co-op,521 N Washington #202,Alexandria,VA,22314,1195000,2,2.0,BOTTLING HOUSE,1494,,2017,31,800,744,Active,,,https://www.redfin.com/VA/Alexandria/521-N-Washington-St-22314/unit-202/home/144040920,BRIGHT MLS,VAAX2004634,N,Y,38.8105005,-77.0455371
MLS Listing,,Single Family Residential,116 Moncure Dr,Alexandria,VA,22314,1150000,4,3.0,GLENMORE,2153,5060,1940,32,534,,Active,,,https://www.redfin.com/VA/Alexandria/116-Moncure-Dr-22314/home/11850504,BRIGHT MLS,VAAX2005096,N,Y,38.8071336,-77.0737691
MLS Listing,,Condo/Co-op,5903 Mount Eagle Dr #609,Alexandria,VA,22303,390000,2,2.0,MONTEBELLO CONDO,1120,,1984,32,348,704,Active,,,https://www.redfin.com/VA/Alexandria/5903-Mt-Eagle-Dr-22303/unit-609/home/9763370,BRIGHT MLS,VAFX2028046,N,Y,38.7891972,-77.0685885
MLS Listing,,Single Family Residential,5625 Bradley Blvd,Alexandria,VA,22311,799000,6,3.0,DOWDEN TERRACE,3901,20010,1951,32,205,,Active,,,https://www.redfin.com/VA/Alexandria/5625-Bradley-Blvd-22311/home/9653622,BRIGHT MLS,VAFX2029280,N,Y,38.8393784,-77.1266292
MLS Listing,,Condo/Co-op,513 N Armistead St #203,Alexandria,VA,22312,240000,3,1.5,SAXONY SQUARE,1182,,1967,32,203,692,Active,,,https://www.redfin.com/VA/Alexandria/513-N-Armistead-St-22312/unit-203/home/11865841,BRIGHT MLS,VAAX2004306,N,Y,38.82173,-77.131679
MLS Listing,,Single Family Residential,5835 Lowell Ave,Alexandria,VA,22312,679000,4,3.0,LINCOLNIA HILLS,2138,13857,1958,32,318,,Active,,,https://www.redfin.com/VA/Alexandria/5835-Lowell-Ave-22312/home/11856689,BRIGHT MLS,VAAX2005064,N,Y,38.8261296,-77.1330339
MLS Listing,,Condo/Co-op,4850 Eisenhower Ave #116,Alexandria,VA,22304,365000,2,2.0,EXCHANGE AT VAN DORN,1128,,2003,32,324,511,Active,,,https://www.redfin.com/VA/Alexandria/4850-Eisenhower-Ave-22304/unit-116/home/11878323,BRIGHT MLS,VAAX2005124,N,Y,38.801947,-77.119551
MLS Listing,,Single Family Residential,7124 Beulah St,Alexandria,VA,22315,1350000,7,5.5,WINDSOR ESTATES,4945,21104,2015,34,273,,Active,,,https://www.redfin.com/VA/Alexandria/7124-Beulah-St-22315/home/9785023,BRIGHT MLS,VAFX2028352,N,Y,38.762445,-77.1579779
MLS Listing,,Condo/Co-op,602 Bashford Ln #2211,Alexandria,VA,22314,287500,1,1.0,RIVERTON,542,,1940,34,530,423,Active,,,https://www.redfin.com/VA/Alexandria/602-Bashford-Ln-22314/unit-2211/home/11879260,BRIGHT MLS,VAAX2004144,N,Y,38.8181697,-77.0430179
MLS Listing,,Condo/Co-op,5902 Mount Eagle #217,Alexandria,VA,22303,274500,1,1.0,MONTEBELLO CONDO,850,,1982,34,323,534,Active,,,https://www.redfin.com/VA/Alexandria/5902-Mt-Eagle-Dr-22303/unit-217/home/9763056,BRIGHT MLS,VAFX2001859,N,Y,38.788791,-77.0710618
MLS Listing,,Condo/Co-op,3705 S George Mason Dr Unit 1612S,Falls Church,VA,22041,275000,1,1.0,SKYLINE PLAZA SOUTH COND,959,,1975,34,287,530,Active,,,https://www.redfin.com/VA/Falls-Church/3705-S-George-Mason-Dr-22041/unit-1612S/home/9658478,BRIGHT MLS,VAFX2028776,N,Y,38.84292,-77.1137662
MLS Listing,,Townhouse,812 Prince St,Alexandria,VA,22314,1700000,5,4.0,FARNEY,2494,2042,1830,36,682,,Active,,,https://www.redfin.com/VA/Alexandria/812-Prince-St-22314/home/11840789,BRIGHT MLS,VAAX2005140,N,Y,38.8040335,-77.049093
MLS Listing,,Townhouse,1451 N Van Dorn St Unit B,Alexandria,VA,22304,394999,2,1.5,PARKSIDE AT ALEXANDRIA,1060,,1963,36,373,321,Active,,,https://www.redfin.com/VA/Alexandria/1451-N-Van-Dorn-St-22304/unit-B/home/39944039,BRIGHT MLS,VAAX2005054,N,Y,38.8261491,-77.1181647
MLS Listing,,Single Family Residential,5604 Justis Pl,Alexandria,VA,22310,640000,3,3.0,GLENWOOD PARK,2456,12300,1963,37,261,,Active,,,https://www.redfin.com/VA/Alexandria/5604-Justis-Pl-22310/home/9755797,BRIGHT MLS,VAFX2028192,N,Y,38.7993623,-77.115774
MLS Listing,,Single Family Residential,8319 Fort Hunt Rd,Alexandria,VA,22308,699950,4,3.0,COLLINGWOOD ESTS,2103,10586,1961,37,333,,Active,,,https://www.redfin.com/VA/Alexandria/8319-Fort-Hunt-Rd-22308/home/9820820,BRIGHT MLS,VAFX2027850,N,Y,38.7309605,-77.056244
MLS Listing,,Single Family Residential,3801 Taft Ave,Alexandria,VA,22304,975000,5,3.0,DELTA,2900,10000,1940,37,336,,Active,,,https://www.redfin.com/VA/Alexandria/3801-Taft-Ave-22304/home/11852970,BRIGHT MLS,VAAX2000289,N,Y,38.8122902,-77.095859
MLS Listing,,Condo/Co-op,2402 Stella Pl,Alexandria,VA,22303,767990,3,2.5,HUNTINGTON CROSSING,2226,,2021,37,345,210,Active,,,https://www.redfin.com/VA/Alexandria/2402-Stella-Pl-22303/home/176996638,BRIGHT MLS,VAFX2028532,N,Y,38.79780223,-77.07280152
MLS Listing,,Condo/Co-op,75 S Reynolds St #303,Alexandria,VA,22304,148000,0,1.0,TWENTY-ONE,496,,1963,38,298,312,Active,,,https://www.redfin.com/VA/Alexandria/75-S-Reynolds-St-22304/unit-303/home/11879872,BRIGHT MLS,VAAX2004944,N,Y,38.8122168,-77.1277528
MLS Listing,,Single Family Residential,6519 Dorset,Alexandria,VA,22310,449900,3,1.0,VIRGINIA HILLS,1163,10004,1951,38,387,,Active,,,https://www.redfin.com/VA/Alexandria/6519-Dorset-Dr-22310/home/9789347,BRIGHT MLS,VAFX2026238,N,Y,38.7754086,-77.101119
MLS Listing,,Condo/Co-op,5985 Terrapin Pl Unit 5985-301,Alexandria,VA,22310,359900,2,2.5,SYCAMORES AT VAN DORN CO,1184,,1996,38,304,515,Active,,,https://www.redfin.com/VA/Alexandria/5985-Terrapin-Pl-22310/unit-5985-301/home/176993728,BRIGHT MLS,VAFX2027608,N,Y,38.791552,-77.140865
MLS Listing,,Single Family Residential,6111 Bangor Dr,Alexandria,VA,22303,599000,4,2.0,FAIR HAVEN,1652,6328,1942,38,363,,Active,,,https://www.redfin.com/VA/Alexandria/6111-Bangor-Dr-22303/home/9761751,BRIGHT MLS,VAFX2027566,N,Y,38.7848933,-77.0765348
MLS Listing,,Condo/Co-op,,Alexandria,VA,22312,243999,3,1.5,MAYFLOWER SQUARE,1068,,1965,38,228,711,Active,,,https://www.redfin.com/VA/Alexandria/Undisclosed-address-22312/home/11861649,BRIGHT MLS,VAAX2005084,N,Y,38.821066,-77.135749
MLS Listing,,Condo/Co-op,6601 Thackwell Way Unit N,Alexandria,VA,22315,374900,2,2.0,CARRDINAL PLACE CONDO,1277,,1995,38,294,313,Active,,,https://www.redfin.com/VA/Alexandria/6601-Thackwell-Way-22315/unit-N/home/160806480,BRIGHT MLS,VAFX2027886,N,Y,38.748404,-77.172242
MLS Listing,,Condo/Co-op,6301 Stevenson Ave #1109,Alexandria,VA,22304,229000,1,1.0,OLYMPUS INCL,840,,1975,38,273,661,Active,,,https://www.redfin.com/VA/Alexandria/6301-Stevenson-Ave-22304/unit-1109/home/11855278,BRIGHT MLS,VAAX2005024,N,Y,38.8137361,-77.1402923
MLS Listing,,Condo/Co-op,4600 Duke St #1218,Alexandria,VA,22304,150000,0,1.0,FORTY SIX HUNDRED,586,,1967,38,256,358,Active,,,https://www.redfin.com/VA/Alexandria/4600-Duke-St-22304/unit-1218/home/11858450,BRIGHT MLS,VAAX2004958,N,Y,38.8109268,-77.1115249
MLS Listing,,Condo/Co-op,6500 Tayack Pl Unit T-02,Alexandria,VA,22312,349999,3,2.0,WINDY HILL CONDO,1307,,1999,39,268,508,Active,,,https://www.redfin.com/VA/Alexandria/6500-Tayack-Pl-22312/unit-T02/home/9724922,BRIGHT MLS,VAFX2026898,N,Y,38.8063087,-77.1645584
MLS Listing,,Condo/Co-op,2643 S Walter Reed Dr Unit D,Arlington,VA,22206,339000,2,1.0,THE ARLINGTON,800,,1950,39,424,321,Active,,,https://www.redfin.com/VA/Arlington/2643-S-Walter-Reed-Dr-22206/unit-D/home/11268003,BRIGHT MLS,VAAR2006664,N,Y,38.8417808,-77.1045884
MLS Listing,,Condo/Co-op,4240 35th St S Unit A1,Arlington,VA,22206,479900,1,2.0,FAIRLINGTON GLEN,1450,,1940,39,331,365,Active,,,https://www.redfin.com/VA/Arlington/4240-35th-St-S-22206/unit-A1/home/11270160,BRIGHT MLS,VAAR2006704,N,Y,38.8306216,-77.0876486
MLS Listing,,Townhouse,111 S Columbus St,Alexandria,VA,22314,2850000,7,2.5,OLD TOWN ALEXANDRIA,4838,3216,1800,39,589,,Active,,,https://www.redfin.com/VA/Alexandria/111-S-Columbus-St-22314/home/45515919,BRIGHT MLS,VAAX2005048,N,Y,38.804855,-77.048474
MLS Listing,,Condo/Co-op,6300 Stevenson Ave #911,Alexandria,VA,22304,258000,2,2.0,SENTINEL OF LANDMARK,1066,,1980,39,242,702,Active,,,https://www.redfin.com/VA/Alexandria/6300-Stevenson-Ave-22304/unit-911/home/11864341,BRIGHT MLS,VAAX2004156,N,Y,38.812736,-77.1410563
MLS Listing,,Condo/Co-op,205 Yoakum Pkwy #419,Alexandria,VA,22304,289900,2,2.0,WATERGATE AT LANDMARK,1098,,1977,39,264,795,Active,,,https://www.redfin.com/VA/Alexandria/205-Yoakum-Pkwy-22304/unit-419/home/11858666,BRIGHT MLS,VAAX2005006,N,Y,38.8125228,-77.1400451
MLS Listing,,Condo/Co-op,400 Madison St #2006,Alexandria,VA,22314,650000,1,1.5,ALEXANDRIA HOUSE,996,,1975,39,653,882,Active,,,https://www.redfin.com/VA/Alexandria/400-Madison-St-22314/unit-2006/home/11841928,BRIGHT MLS,VAAX2004774,N,Y,38.8124313,-77.0424589
MLS Listing,,Condo/Co-op,6641 Wakefield Dr #805,Alexandria,VA,22307,184900,1,1.0,RIVER TOWERS,670,,1963,39,276,517,Active,,,https://www.redfin.com/VA/Alexandria/6641-Wakefield-Dr-22307/unit-805/home/9794088,BRIGHT MLS,VAFX2028196,N,Y,38.77217,-77.058763
MLS Listing,,Condo/Co-op,2059 Huntington Ave #1501,Alexandria,VA,22303,209900,1,1.0,HUNTING CREEK CLUB APART,673,,1972,41,312,424,Active,,,https://www.redfin.com/VA/Alexandria/2059-Huntington-Ave-22303/unit-1501/home/9762663,BRIGHT MLS,VAFX2027760,N,Y,38.7903417,-77.0666606
MLS Listing,,Townhouse,114 N West St,Alexandria,VA,22314,878500,3,3.5,CAMERON,1824,1808,1983,42,482,,Active,,,https://www.redfin.com/VA/Alexandria/114-N-West-St-22314/home/11839683,BRIGHT MLS,VAAX2004934,N,Y,38.8066658,-77.0547254
MLS Listing,,Condo/Co-op,6920 #6920H Victoria,Alexandria,VA,22310,289900,2,2.0,SURREY AT,857,,1987,43,338,405,Active,,,https://www.redfin.com/VA/Alexandria/6920-Victoria-Dr-22310/home/9781521,BRIGHT MLS,VAFX2027698,N,Y,38.7682223,-77.1519113
MLS Listing,,Condo/Co-op,2121 Jamieson Ave #706,Alexandria,VA,22314,575000,2,2.0,CARLYLE TOWERS,1161,,1997,43,495,682,Active,,,https://www.redfin.com/VA/Alexandria/2121-Jamieson-Ave-22314/unit-706/home/11872361,BRIGHT MLS,VAAX2004892,N,Y,38.8039691,-77.0655306
MLS Listing,,Single Family Residential,4013 Colonial Ave,Alexandria,VA,22309,1450000,4,4.5,COLONIAL ACRES,4369,21800,2022,44,332,,Active,,,https://www.redfin.com/VA/Alexandria/4013-Colonial-Ave-22309/home/9826224,BRIGHT MLS,VAFX2027362,N,Y,38.7193493,-77.1013438
MLS Listing,,Condo/Co-op,737 Swann Ave Unit TWO-610,Alexandria,VA,22301,720900,1,1.5,POTOMAC YARD,819,,2022,44,880,397,Active,,,https://www.redfin.com/VA/Alexandria/737-Swann-Ave-22301/unit-TWO-610/home/176875373,BRIGHT MLS,VAAX2004886,N,Y,38.8293894,-77.0502802
MLS Listing,,Townhouse,542 N West St,Alexandria,VA,22314,799000,3,3.0,COLECROFT,1625,831,1987,44,492,96,Active,,,https://www.redfin.com/VA/Alexandria/542-N-West-St-22314/home/11868805,BRIGHT MLS,VAAX2004878,N,Y,38.811524,-77.053991
MLS Listing,,Townhouse,5426 Barrister Pl,Alexandria,VA,22304,555000,3,2.5,HOLLAND TOWNE,2016,1283,1985,45,275,101,Active,,,https://www.redfin.com/VA/Alexandria/5426-Barrister-Pl-22304/home/101387717,BRIGHT MLS,VAAX2000365,N,Y,38.823894,-77.121584
MLS Listing,,Condo/Co-op,1250 S Washington St #814,Alexandria,VA,22314,675000,2,2.0,PORTO VECCHIO,1170,,1983,45,577,1103,Active,,,https://www.redfin.com/VA/Alexandria/1250-S-Washington-St-22314/unit-814/home/11868491,BRIGHT MLS,VAAX2004672,N,Y,38.7905151,-77.0499919
MLS Listing,,Condo/Co-op,502 Bashford Ln #3232,Alexandria,VA,22314,285000,1,1.0,RIVERTON,551,,1940,45,517,423,Active,,,https://www.redfin.com/VA/Alexandria/502-Bashford-Ln-22314/unit-3232/home/11879298,BRIGHT MLS,VAAX2000281,N,Y,38.81801,-77.04243
MLS Listing,,Condo/Co-op,3600 S Glebe Rd Unit 632W,Arlington,VA,22202,665000,2,2.0,ECLIPSE ON CENTER PARK,1209,,2006,46,550,575,Active,,,https://www.redfin.com/VA/Arlington/3600-S-Glebe-Rd-22202/unit-632W/home/12042788,BRIGHT MLS,VAAR2006364,N,Y,38.8421491,-77.0516341
MLS Listing,,Condo/Co-op,1100 Quaker Hl #115,Alexandria,VA,22314,299999,1,1.0,QUAKER HILL,996,,1991,46,301,556,Active,,,https://www.redfin.com/VA/Alexandria/1100-Quaker-Hill-Dr-22314/unit-115/home/11870778,BRIGHT MLS,VAAX2000341,N,Y,38.809899,-77.0843715
MLS Listing,,Condo/Co-op,2059 Huntington Ave #1002,Alexandria,VA,22303,185000,0,1.0,HUNTING CREEK CLUB APART,550,,1972,46,336,304,Active,,,https://www.redfin.com/VA/Alexandria/2059-Huntington-Ave-22303/unit-1002/home/9762604,BRIGHT MLS,VAFX2026682,N,Y,38.7903417,-77.0666606
MLS Listing,,Condo/Co-op,8381-L Brockham Dr Unit 8381L,Alexandria,VA,22309,169900,1,1.0,MOUNT VERNON LAKES CONDO,681,,1984,46,249,382,Active,,,https://www.redfin.com/VA/Alexandria/8381L-Brockham-Dr-22309/unit-8381L/home/176812973,BRIGHT MLS,VAFX2001211,N,Y,38.731877,-77.106482
MLS Listing,,Condo/Co-op,6301 Stevenson Ave #1107,Alexandria,VA,22304,239000,1,1.0,OLYMPUS INCL,800,,1974,46,299,661,Active,,,https://www.redfin.com/VA/Alexandria/6301-Stevenson-Ave-22304/unit-1107/home/11855276,BRIGHT MLS,VAAX2003964,N,Y,38.8137361,-77.1402923
MLS Listing,,Condo/Co-op,6301 Stevenson Ave #1405,Alexandria,VA,22304,294000,2,2.0,OLYMPUS INCL,1090,,1974,46,270,851,Active,,,https://www.redfin.com/VA/Alexandria/6301-Stevenson-Ave-22304/unit-1405/home/11855326,BRIGHT MLS,VAAX2004804,N,Y,38.8137361,-77.1402923
MLS Listing,,Single Family Residential,9307 Ludgate,Alexandria,VA,22309,3250000,6,6.5,WYCLIFFE ON THE POTOMAC,5590,105654,2021,46,581,,Active,,,https://www.redfin.com/VA/Alexandria/9307-Ludgate-Dr-22309/home/59459377,BRIGHT MLS,VAFX2026722,N,Y,38.7033038,-77.0942854
MLS Listing,,Condo/Co-op,2451 Midtown Ave #714,Alexandria,VA,22303,411000,2,2.0,MIDTOWN ALEXANDRIA STATI,1242,,2007,47,331,450,Active,,,https://www.redfin.com/VA/Alexandria/2451-Midtown-Ave-22303/unit-714/home/22958534,BRIGHT MLS,VAFX2026340,N,Y,38.7966107,-77.0742479
MLS Listing,,Condo/Co-op,6604 Boulevard Vw Unit B1,Alexandria,VA,22307,239000,1,1.0,BELLE VIEW CONDO,623,,1950,47,384,306,Active,,,https://www.redfin.com/VA/Alexandria/6604-Boulevard-Vw-22307/unit-B1/home/9794924,BRIGHT MLS,VAFX2026294,N,Y,38.7744687,-77.05249
MLS Listing,,Condo/Co-op,2151 Jamieson Ave #2010,Alexandria,VA,22314,859000,3,2.5,CARLYLE TOWERS CONDOMINIUM,1661,,1999,47,517,950,Active,,,https://www.redfin.com/VA/Alexandria/2151-Jamieson-Ave-22314/unit-2010/home/11874453,BRIGHT MLS,VAAX2004760,N,Y,38.8034519,-77.0662951
MLS Listing,,Single Family Residential,304 Skyhill Rd,Alexandria,VA,22314,975000,3,2.0,CLOVER,2144,9570,1953,48,455,,Active,,,https://www.redfin.com/VA/Alexandria/304-Skyhill-Rd-22314/home/11851054,BRIGHT MLS,VAAX2004704,N,Y,38.8114317,-77.0770648
MLS Listing,,Condo/Co-op,3709 S George Mason Dr #116,Falls Church,VA,22041,299400,2,1.5,SKYLINE HOUSE CONDO,1194,,1980,49,251,559,Active,,,https://www.redfin.com/VA/Falls-Church/3709-S-George-Mason-Dr-22041/unit-116/home/9658959,BRIGHT MLS,VAFX2026582,N,Y,38.8422637,-77.1160689
MLS Listing,,Townhouse,4401 Longworthe Sq,Alexandria,VA,22309,420000,4,2.5,PINEWOOD LAKE,1408,2178,1970,50,298,134,Active,,,https://www.redfin.com/VA/Alexandria/4401-Longworthe-Sq-22309/home/9811901,BRIGHT MLS,VAFX2024866,N,Y,38.741325,-77.108288
MLS Listing,,Condo/Co-op,7996 Audubon Ave Unit C3,Alexandria,VA,22306,179999,2,1.5,COLCHESTER TOWNE CONDO,886,,1973,51,203,480,Active,,,https://www.redfin.com/VA/Alexandria/7996-Audubon-Ave-22306/unit-C3/home/9813506,BRIGHT MLS,VAFX2026422,N,Y,38.7419386,-77.0944428
MLS Listing,,Condo/Co-op,6301 Stevenson Ave #410,Alexandria,VA,22304,265000,2,2.0,OLYMPUS INCL,1250,,1974,51,212,1006,Active,,,https://www.redfin.com/VA/Alexandria/6301-Stevenson-Ave-22304/unit-410/home/11855156,BRIGHT MLS,VAAX2004668,N,Y,38.8137361,-77.1402923
MLS Listing,,Condo/Co-op,203 Yoakum Pkwy #820,Alexandria,VA,22304,279000,2,2.0,WATERGATE AT LANDMARK,1064,,1975,51,262,794,Active,,,https://www.redfin.com/VA/Alexandria/203-Yoakum-Pkwy-22304/unit-820/home/11857997,BRIGHT MLS,VAAX2004214,N,Y,38.8104071,-77.1404453
MLS Listing,,Townhouse,2 Wolfe St,Alexandria,VA,22314,4150000,3,4.0,HARBORSIDE,4685,,1993,51,886,1231,Active,,,https://www.redfin.com/VA/Alexandria/2-Wolfe-St-22314/home/11872506,BRIGHT MLS,VAAX2000025,N,Y,38.8005711,-77.0400975
MLS Listing,,Condo/Co-op,5902 Mount Eagle Dr #907,Alexandria,VA,22303,282000,1,1.0,MONTEBELLO CONDO,850,,1982,51,332,550,Active,,,https://www.redfin.com/VA/Alexandria/5902-Mt-Eagle-Dr-22303/unit-907/home/9763166,BRIGHT MLS,VAFX2026262,N,Y,38.788791,-77.0710618
MLS Listing,,Single Family Residential,1205 Potomac Ln,Alexandria,VA,22308,934900,4,2.5,ADDN PLYMOUTH HVN,2118,15211,1963,52,441,,Active,,,https://www.redfin.com/VA/Alexandria/1205-Potomac-Ln-22308/home/9820031,BRIGHT MLS,VAFX2015022,N,Y,38.7225196,-77.0548948
MLS Listing,,Condo/Co-op,3713 S George Mason Dr #206,Falls Church,VA,22041,399900,3,2.5,SKYLINE HOUSE CONDO,1846,,1979,52,217,892,Active,,,https://www.redfin.com/VA/Falls-Church/3713-S-George-Mason-Dr-22041/unit-206/home/9659605,BRIGHT MLS,VAFX2001763,N,Y,38.8418197,-77.1175495
MLS Listing,,Townhouse,2554 Nicky Ln,Alexandria,VA,22311,515000,2,3.5,SEMINARY HEIGHTS,2040,,1977,52,252,320,Active,,,https://www.redfin.com/VA/Alexandria/2554-Nicky-Ln-22311/home/11859977,BRIGHT MLS,VAAX2000349,N,Y,38.8348662,-77.1209432
MLS Listing,,Single Family Residential,7741 Island Creek Ct,Alexandria,VA,22315,885000,3,3.5,ISLAND CREEK,2774,7175,1996,53,319,108,Active,,,https://www.redfin.com/VA/Alexandria/7741-Island-Creek-Ct-22315/home/9807375,BRIGHT MLS,VAFX2001557,N,Y,38.747234,-77.1677261
MLS Listing,,Townhouse,3922 Vermont Ave,Alexandria,VA,22304,557900,3,2.5,CAMERON,1716,3001,1955,53,325,,Active,,,https://www.redfin.com/VA/Alexandria/3922-Vermont-Ave-22304/home/11852150,BRIGHT MLS,VAAX2000223,N,Y,38.808762,-77.098605
MLS Listing,,Condo/Co-op,6915 Sandra Marie Cir Unit A,Alexandria,VA,22310,359000,2,2.0,ESSEX HOUSE CONDO,1189,,1985,53,302,360,Active,,,https://www.redfin.com/VA/Alexandria/6915-Sandra-Marie-Cir-22310/unit-A/home/9781269,BRIGHT MLS,VAFX2004006,N,Y,38.766258,-77.148343
MLS Listing,,Townhouse,1285 N Van Dorn St,Alexandria,VA,22304,394900,2,1.5,PARKSIDE AT ALEXANDRIA,1060,,1963,53,373,321,Active,,,https://www.redfin.com/VA/Alexandria/1285-N-Van-Dorn-St-22304/home/11879042,BRIGHT MLS,VAAX2000175,N,Y,38.8250249,-77.1201897
MLS Listing,,Townhouse,623 Second St,Alexandria,VA,22314,1543245,3,4.0,Alexandria,2412,,2021,53,640,225,Active,December-10-2021 11:00 AM,December-10-2021 05:00 PM,https://www.redfin.com/VA/Alexandria/623-2nd-St-22314/home/175522845,BRIGHT MLS,VAAX2000327,N,Y,38.8162956,-77.0435152
MLS Listing,,Condo/Co-op,,Alexandria,VA,22312,250000,2,1.0,THE SEASONS,1110,,1963,53,225,,Active,,,https://www.redfin.com/VA/Alexandria/Undisclosed-address-22312/home/11856337,BRIGHT MLS,VAAX2000323,N,Y,38.8193346,-77.134989
MLS Listing,,Townhouse,621 Second St,Alexandria,VA,22314,1573760,3,4.0,Alexandria,2412,,2021,53,652,225,Active,December-10-2021 11:00 AM,December-10-2021 05:00 PM,https://www.redfin.com/VA/Alexandria/621-2nd-St-22314/home/176717698,BRIGHT MLS,VAAX2000305,N,Y,38.8162947,-77.0435084
MLS Listing,,Townhouse,6328 Meeting House,Alexandria,VA,22312,530000,3,3.5,FOSTER PROPERTY,1707,1430,1986,54,310,110,Active,,,https://www.redfin.com/VA/Alexandria/6328-Meeting-House-Way-22312/home/9723809,BRIGHT MLS,VAFX2026136,N,Y,38.8222382,-77.1446291
MLS Listing,,Condo/Co-op,301 N Beauregard St #206,Alexandria,VA,22312,229999,2,2.0,THE FOUNTAINS,1225,,1968,55,188,844,Active,,,https://www.redfin.com/VA/Alexandria/301-N-Beauregard-St-22312/unit-206/home/11856827,BRIGHT MLS,VAAX2000249,N,Y,38.8198462,-77.138135
MLS Listing,,Single Family Residential,1004 W Braddock Rd,Alexandria,VA,22302,1150000,4,3.5,TIMBER BRANCH PARK,2300,8500,1962,55,500,,Active,,,https://www.redfin.com/VA/Alexandria/1004-W-Braddock-Rd-22302/home/11849702,BRIGHT MLS,VAAX2002456,N,Y,38.8249696,-77.0770199
MLS Listing,,Condo/Co-op,2500 Van Dorn N #1128,Alexandria,VA,22302,295000,3,2.0,PARK PLACE,1302,,1965,56,227,910,Active,,,https://www.redfin.com/VA/Alexandria/2500-N-Van-Dorn-St-22302/unit-1128/home/11867972,BRIGHT MLS,VAAX2004512,N,Y,38.8326778,-77.0997478
MLS Listing,,Townhouse,828 Montgomery St,Alexandria,VA,22314,1125000,3,3.5,OLD TOWN COMMONS,2198,1742,2012,56,512,100,Active,,,https://www.redfin.com/VA/Alexandria/828-Montgomery-St-22314/home/39967078,BRIGHT MLS,VAAX2000205,N,Y,38.8142973,-77.0469624
MLS Listing,,Single Family Residential,1226 Chambliss,Alexandria,VA,22312,725000,4,3.0,LINCOLNIA HILLS,2154,12000,1958,57,337,,Active,,,https://www.redfin.com/VA/Alexandria/1226-N-Chambliss-St-22312/home/11857147,BRIGHT MLS,VAAX2004628,N,Y,38.8273443,-77.1374384
MLS Listing,,Condo/Co-op,3701 S George Mason Dr Unit 102N,Falls Church,VA,22041,249900,1,1.0,SKYLINE PLAZA NORTH COND,956,,1973,57,261,535,Active,,,https://www.redfin.com/VA/Falls-Church/3701-S-George-Mason-Dr-22041/unit-102N/home/9656670,BRIGHT MLS,VAFX2000057,N,Y,38.8437982,-77.114403
MLS Listing,,Condo/Co-op,3727 Lyons Ln,Alexandria,VA,22302,359999,2,1.5,PARKFAIRFAX,900,,1941,58,400,488,Active,,,https://www.redfin.com/VA/Alexandria/3727-Lyons-Ln-22302/home/11860623,BRIGHT MLS,VAAX2004538,N,Y,38.840887,-77.081745
MLS Listing,,Condo/Co-op,5904 Mount Eagle Dr #1615,Alexandria,VA,22303,439999,2,2.0,MONTEBELLO CONDO,1305,,1986,58,337,821,Active,,,https://www.redfin.com/VA/Alexandria/5904-Mt-Eagle-Dr-22303/unit-1615/home/9763781,BRIGHT MLS,VAFX2000613,N,Y,38.7883078,-77.0689033
MLS Listing,,Condo/Co-op,1225 Martha Custis Dr #208,Alexandria,VA,22302,196000,1,1.0,PARKEAST,596,,1980,58,329,409,Active,,,https://www.redfin.com/VA/Alexandria/1225-Martha-Custis-Dr-22302/unit-208/home/11863000,BRIGHT MLS,VAAX2000131,N,Y,38.8424553,-77.080145
MLS Listing,,Condo/Co-op,6082-B Essex House Sq Unit 6082B,Alexandria,VA,22310,359950,2,1.5,ESSEX HOUSE CONDO,1183,,1985,58,304,368,Active,,,https://www.redfin.com/VA/Alexandria/6082B-Essex-House-Sq-22310/unit-6082B/home/143375372,BRIGHT MLS,VAFX2024096,N,Y,38.7668739,-77.1476751
MLS Listing,,Single Family Residential,8901 Linton Ln,Alexandria,VA,22308,974900,5,3.5,BRIDGEHAVEN,2990,29367,1965,58,326,,Active,,,https://www.redfin.com/VA/Alexandria/8901-Linton-Ln-22308/home/9828119,BRIGHT MLS,VAFX2000749,N,Y,38.7165232,-77.0651259
MLS Listing,,Condo/Co-op,2181 Jamieson Ave #1106,Alexandria,VA,22314,621000,2,2.0,CARLYLE,1162,,2001,59,534,707,Active,,,https://www.redfin.com/VA/Alexandria/2181-Jamieson-Ave-22314/unit-1106/home/11875812,BRIGHT MLS,VAAX2000145,N,Y,38.8029799,-77.0671046
MLS Listing,,Townhouse,317 Mount Vernon Ave,Alexandria,VA,22301,709900,2,2.0,ROSEMONT,1200,1250,1946,59,592,,Active,,,https://www.redfin.com/VA/Alexandria/317-Mt-Vernon-Ave-22301/home/11843264,BRIGHT MLS,VAAX2000105,N,Y,38.811282,-77.056562
MLS Listing,,Condo/Co-op,3461 Martha Custis Dr,Alexandria,VA,22302,275000,1,1.0,PARKFAIRFAX,750,,1941,60,367,391,Active,,,https://www.redfin.com/VA/Alexandria/3461-Martha-Custis-Dr-22302/home/22661830,BRIGHT MLS,VAAX2004540,N,Y,38.837998,-77.083014
MLS Listing,,Townhouse,2840 Fairhaven Ave,Alexandria,VA,22303,550000,2,2.0,JEFFERSON MANOR,1020,3690,1947,60,539,,Active,,,https://www.redfin.com/VA/Alexandria/2840-Fairhaven-Ave-22303/home/9761369,BRIGHT MLS,VAFX2024856,N,Y,38.7876929,-77.0801006
MLS Listing,,Condo/Co-op,922 Washington #201,Alexandria,VA,22314,195000,0,1.0,BEARINGS SOUTH,469,,1941,60,416,335,Active,,,https://www.redfin.com/VA/Alexandria/922-S-Washington-St-22314/unit-201/home/11878849,BRIGHT MLS,VAAX2004622,N,Y,38.7950018,-77.0486507
MLS Listing,,Single Family Residential,8521 Richmond Ave,Alexandria,VA,22309,679900,5,3.0,MT ZEPHYR,2600,18807,1960,60,262,,Active,,,https://www.redfin.com/VA/Alexandria/8521-Richmond-Ave-22309/home/9815355,BRIGHT MLS,VAFX2000041,N,Y,38.7257032,-77.1030971
MLS Listing,,Townhouse,1804 N Cliff St,Alexandria,VA,22301,725000,2,2.0,DAVIS TRACT,1080,2500,1945,61,671,,Active,,,https://www.redfin.com/VA/Alexandria/1804-N-Cliff-St-22301/home/11846113,BRIGHT MLS,VAAX2000055,N,Y,38.8225095,-77.0610365
MLS Listing,,Single Family Residential,6423 The Pkwy,Alexandria,VA,22310,575000,3,2.0,VIRGINIA HILLS,1497,10120,1951,61,384,,Active,,,https://www.redfin.com/VA/Alexandria/6423-The-Pkwy-22310/home/9789228,BRIGHT MLS,VAFX2000085,N,Y,38.7770021,-77.0977472
MLS Listing,,Condo/Co-op,5340 Holmes Run Pkwy #1609,Alexandria,VA,22304,195000,1,1.0,PAVILION ON THE PARK,560,,1967,62,348,315,Active,,,https://www.redfin.com/VA/Alexandria/5340-Holmes-Run-Pkwy-22304/unit-1609/home/11865733,BRIGHT MLS,VAAX2004640,N,Y,38.8157896,-77.1241121
MLS Listing,,Townhouse,618 S Saint Asaph St,Alexandria,VA,22314,2095000,5,3.5,OLD TOWN SE QUADRANT,3850,2053,1990,62,544,,Active,,,https://www.redfin.com/VA/Alexandria/618-S-St-Asaph-St-22314/home/11841251,BRIGHT MLS,VAAX2004590,N,Y,38.7985746,-77.0469229
MLS Listing,,Townhouse,652 S Columbus St,Alexandria,VA,22314,689500,2,2.0,WASHINGTON SQUARE,1013,,1979,62,681,242,Active,,,https://www.redfin.com/VA/Alexandria/652-S-Columbus-St-22314/home/11863996,BRIGHT MLS,VAAX2004564,N,Y,38.798691,-77.048989
MLS Listing,,Townhouse,409 Old Town Ct,Alexandria,VA,22314,799000,3,3.5,OLD TOWN STATION,1891,994,1979,63,423,90,Active,,,https://www.redfin.com/VA/Alexandria/409-Old-Town-Ct-22314/home/11863693,BRIGHT MLS,VAAX2004524,N,Y,38.8019267,-77.051943
MLS Listing,,Single Family Residential,829 Emerald Dr,Alexandria,VA,22308,1600000,5,3.5,WAYNEWOOD,3314,14800,1966,64,483,,Active,,,https://www.redfin.com/VA/Alexandria/829-Emerald-Dr-22308/home/9828829,BRIGHT MLS,VAFX2025830,N,Y,38.7188137,-77.0455399
MLS Listing,,Condo/Co-op,4550 Strutfield Ln #2226,Alexandria,VA,22311,274900,1,1.0,PALAZZO AT PARK CENTER,726,,2000,65,379,335,Active,,,https://www.redfin.com/VA/Alexandria/4550-Strutfield-Ln-22311/unit-2226/home/11877584,BRIGHT MLS,VAAX2003128,N,Y,38.8355869,-77.10574
MLS Listing,,Condo/Co-op,5340 Holmes Run Pkwy #518,Alexandria,VA,22304,197400,1,1.0,PAVILION ON THE PARK,849,,1967,65,233,500,Active,,,https://www.redfin.com/VA/Alexandria/5340-Holmes-Run-Pkwy-22304/unit-518/home/11865550,BRIGHT MLS,VAAX2004388,N,Y,38.8157896,-77.1241121
MLS Listing,,Condo/Co-op,604 Bashford Ln #2122,Alexandria,VA,22314,269000,1,1.0,RIVERTON,551,,1940,65,488,423,Active,,,https://www.redfin.com/VA/Alexandria/604-Bashford-Ln-22314/unit-2122/home/11879255,BRIGHT MLS,VAAX2004516,N,Y,38.8182121,-77.0433128
MLS Listing,,Townhouse,623 N Henry St,Alexandria,VA,22314,599900,2,1.5,OLD TOWN ALEXANDRIA,948,858,1920,66,633,,Active,,,https://www.redfin.com/VA/Alexandria/623-N-Henry-St-22314/home/11840324,BRIGHT MLS,VAAX2004032,N,Y,38.812136,-77.049729
MLS Listing,,Single Family Residential,6624 Newington Rd,Lorton,VA,22079,619900,3,2.0,HUNTER ESTATES,1074,28740,1952,66,577,,Active,,,https://www.redfin.com/VA/Lorton/6624-Newington-Rd-22079/home/9808692,BRIGHT MLS,VAFX2018100,N,Y,38.7337332,-77.1726236
MLS Listing,,Condo/Co-op,3701 S George Mason Dr Unit 317N,Falls Church,VA,22041,339900,2,2.0,SKYLINE PLAZA CONDO,1321,,1973,66,257,725,Active,,,https://www.redfin.com/VA/Falls-Church/3701-S-George-Mason-Dr-22041/unit-317N/home/9656788,BRIGHT MLS,VAFX2021712,N,Y,38.8437982,-77.114403
MLS Listing,,Townhouse,3702 Shannons Green Way,Alexandria,VA,22309,460000,3,2.5,MOUNT VEE MANOR,1332,1594,1999,66,345,92,Active,,,https://www.redfin.com/VA/Alexandria/3702-Shannons-Green-Way-22309/home/9831728,BRIGHT MLS,VAFX2025218,N,Y,38.735355,-77.0952609
MLS Listing,,Townhouse,5026 Domain Pl,Alexandria,VA,22311,549900,3,3.5,DOMAIN,1800,,1976,66,306,133,Active,,,https://www.redfin.com/VA/Alexandria/5026-Domain-Pl-22311/home/11859293,BRIGHT MLS,VAAX2004416,N,Y,38.838542,-77.115521
MLS Listing,,Townhouse,412 N Henry St,Alexandria,VA,22314,580000,2,1.0,OLD TOWN,884,1095,1920,66,656,,Active,,,https://www.redfin.com/VA/Alexandria/412-N-Henry-St-22314/home/11840194,BRIGHT MLS,VAAX2003066,N,Y,38.8094243,-77.0508343
MLS Listing,,Single Family Residential,56 Cockrell St,Alexandria,VA,22304,699000,4,2.5,ALNOR HEIGHTS,1999,10055,1967,66,350,,Active,,,https://www.redfin.com/VA/Alexandria/56-Cockrell-St-22304/home/11852130,BRIGHT MLS,VAAX2004480,N,Y,38.8082105,-77.0953195
MLS Listing,,Condo/Co-op,3713 S George Mason Dr Unit 213W,Falls Church,VA,22041,320000,2,2.0,SKYLINE HOUSE  CONDO,1373,,1979,67,233,637,Active,,,https://www.redfin.com/VA/Falls-Church/3713-S-George-Mason-Dr-22041/unit-213W/home/143415200,BRIGHT MLS,VAFX2024082,N,Y,38.8418583,-77.117518
MLS Listing,,Condo/Co-op,6017-A Curtier Dr Unit 6017A,Alexandria,VA,22310,265000,2,1.0,TIERS OF,714,,1988,67,371,296,Active,,,https://www.redfin.com/VA/Alexandria/6017A-Curtier-Dr-22310/unit-6017A/home/176569906,BRIGHT MLS,VAFX2003380,N,Y,38.764761,-77.148882
MLS Listing,,Townhouse,664 N Armistead St,Alexandria,VA,22312,589900,3,3.5,BEAUREGARD HEIGHTS,2508,,1976,67,235,335,Active,,,https://www.redfin.com/VA/Alexandria/664-N-Armistead-St-22312/home/22669885,BRIGHT MLS,VAAX2004372,N,Y,38.8240857,-77.1352546
MLS Listing,,Single Family Residential,2203 Traies Ct,Alexandria,VA,22306,1289500,6,4.5,KIRKSIDE,5040,30962,1986,68,256,,Active,,,https://www.redfin.com/VA/Alexandria/2203-Traies-Ct-22306/home/9817162,BRIGHT MLS,VAFX2023492,N,Y,38.7469721,-77.0680714
MLS Listing,,Townhouse,6120 Castletown Way,Alexandria,VA,22310,575000,3,3.0,RUNNYMEADE SEC 3B,2440,2440,1986,68,236,72,Active,,,https://www.redfin.com/VA/Alexandria/6120-Castletown-Way-22310/home/9754137,BRIGHT MLS,VAFX2021812,N,Y,38.7903343,-77.144559
MLS Listing,,Condo/Co-op,60 S Van Dorn St #420,Alexandria,VA,22304,194900,1,1.0,TWENTY-ONE,843,,2005,68,231,547,Active,,,https://www.redfin.com/VA/Alexandria/60-S-Van-Dorn-St-22304/unit-420/home/11880005,BRIGHT MLS,VAAX2004374,N,Y,38.8124601,-77.1284324
MLS Listing,,Condo/Co-op,1201 N Royal St #214,Alexandria,VA,22314,1288000,2,2.0,Alexandria,1655,,2021,68,778,1442,Active,,,https://www.redfin.com/VA/Alexandria/1201-N-Royal-St-22314/unit-214/home/176554942,BRIGHT MLS,VAAX2004376,N,Y,38.8174228,-77.0403898
MLS Listing,,Townhouse,6059 Estates Dr,Alexandria,VA,22310,667000,3,4.0,WOODFIELD ESTATES SEC,2394,3354,1985,69,279,110,Active,,,https://www.redfin.com/VA/Alexandria/6059-Estates-Dr-22310/home/9754186,BRIGHT MLS,VAFX2018826,N,Y,38.7869557,-77.1356036
MLS Listing,,Condo/Co-op,1201 N Royal St #411,Alexandria,VA,22314,1186000,2,2.0,Alexandria,1448,,2021,69,819,1306,Active,,,https://www.redfin.com/VA/Alexandria/1201-N-Royal-St-22314/unit-411/home/176550233,BRIGHT MLS,VAAX2004360,N,Y,38.8174228,-77.0403898
MLS Listing,,Condo/Co-op,6607 Thackwell Way #2210,Alexandria,VA,22315,365000,2,2.5,CONDOMINIUM AT,1125,,1996,69,324,275,Active,,,https://www.redfin.com/VA/Alexandria/6607-Thackwell-Way-22315/unit-2210/home/9808098,BRIGHT MLS,VAFX2024646,N,Y,38.749119,-77.1731269
MLS Listing,,Condo/Co-op,6602 10th St Unit J,Alexandria,VA,22307,220000,2,1.0,BELLE VIEWCONDO,763,,1950,69,288,365,Active,,,https://www.redfin.com/VA/Alexandria/6602-10th-St-22307/unit-J/home/9794707,BRIGHT MLS,VAFX2024328,N,Y,38.774498,-77.05438
MLS Listing,,Condo/Co-op,3709 S George Mason Dr #202,Falls Church,VA,22041,390000,3,2.5,SKYLINE HOUSE,1708,,1980,70,228,800,Active,,,https://www.redfin.com/VA/Falls-Church/3709-S-George-Mason-Dr-22041/unit-202/home/9658966,BRIGHT MLS,VAFX2024490,N,Y,38.8422637,-77.1160689
MLS Listing,,Townhouse,52 Wolfe St,Alexandria,VA,22314,2150000,4,3.5,HARBORSIDE,3588,,1993,72,599,811,Active,,,https://www.redfin.com/VA/Alexandria/52-Wolfe-St-22314/home/11870911,BRIGHT MLS,VAAX2002544,N,Y,38.8005755,-77.0403617
MLS Listing,,Townhouse,722 Battery Pl,Alexandria,VA,22314,1149000,3,2.0,FORDS LANDING,2052,792,1997,72,560,196,Active,,,https://www.redfin.com/VA/Alexandria/722-Battery-Pl-22314/home/11873139,BRIGHT MLS,VAAX2003940,N,Y,38.7967798,-77.0413232
MLS Listing,,Condo/Co-op,5913 Mayflower Ct Unit T3,Alexandria,VA,22312,224999,2,1.0,MAYFLOWER SQUARE,962,,1965,73,234,489,Active,,,https://www.redfin.com/VA/Alexandria/5913-Mayflower-Ct-22312/unit-T3/home/11860000,BRIGHT MLS,VAAX2003454,N,Y,38.8206812,-77.1344405
MLS Listing,,Condo/Co-op,4870 Eisenhower Ave #208,Alexandria,VA,22304,264900,1,1.0,EXCHANGE AT VAN DORN,771,,2003,73,344,393,Active,,,https://www.redfin.com/VA/Alexandria/4870-Eisenhower-Ave-22333/unit-208/home/11878713,BRIGHT MLS,VAAX2003878,N,Y,38.8009078,-77.1201081
MLS Listing,,Condo/Co-op,200 N Pickett St #1502,Alexandria,VA,22304,329500,2,2.0,HALLMARK,1160,,1975,73,284,684,Active,,,https://www.redfin.com/VA/Alexandria/200-N-Pickett-St-22304/unit-1502/home/11859520,BRIGHT MLS,VAAX2004242,N,Y,38.8143884,-77.119842
MLS Listing,,Townhouse,153 Martin Ln,Alexandria,VA,22304,699900,3,3.5,CAMERON STATION,2296,1260,1999,73,305,133,Active,,,https://www.redfin.com/VA/Alexandria/153-Martin-Ln-22304/home/11874092,BRIGHT MLS,VAAX2001548,N,Y,38.8104942,-77.1202457
MLS Listing,,Townhouse,2710 Sherwood Hall Ln,Alexandria,VA,22306,450000,3,2.5,MT WOODLEY MANOR SEC,2016,1481,1982,73,223,83,Active,,,https://www.redfin.com/VA/Alexandria/2710-Sherwood-Hall-Ln-22306/home/9817362,BRIGHT MLS,VAFX2023220,N,Y,38.743308,-77.078417
MLS Listing,,Condo/Co-op,3713 S George Mason Dr Unit 807W,Falls Church,VA,22041,295000,2,1.5,SKYLINE HOUSE CONDO,1288,,1979,74,229,603,Active,,,https://www.redfin.com/VA/Falls-Church/3713-S-George-Mason-Dr-22041/unit-807W/home/177470107,BRIGHT MLS,VAFX2019840,N,Y,38.8418197,-77.1175495
MLS Listing,,Condo/Co-op,5831 Quantrell Ave #305,Alexandria,VA,22312,200000,2,1.0,THE SEASONS,900,,1963,75,222,525,Active,,,https://www.redfin.com/VA/Alexandria/5831-Quantrell-Ave-22312/unit-305/home/11856280,BRIGHT MLS,VAAX2003990,N,Y,38.8184249,-77.1347728
MLS Listing,,Condo/Co-op,7940-24E Sausalito Pl Unit 24E,Alexandria,VA,22309,220000,3,2.0,SEQUOYAH,1232,,1973,75,179,530,Active,,,https://www.redfin.com/VA/Alexandria/7940-Sausalito-Pl-22309/unit-24E/home/9812476,BRIGHT MLS,VAFX2023684,N,Y,38.7393934,-77.0995474
MLS Listing,,Condo/Co-op,3330 S 28th St #301,Alexandria,VA,22302,207992,1,1.0,BOLLING BROOK,675,,1961,75,308,368,Active,,,https://www.redfin.com/VA/Alexandria/3330-S-28th-St-22302/unit-301/home/11869010,BRIGHT MLS,VAAX2004054,N,Y,38.839951,-77.1080197
MLS Listing,,Condo/Co-op,1119 N Pitt St Unit 2B,Alexandria,VA,22314,385000,1,1.0,CANAL PLACE,624,,1944,75,617,304,Active,,,https://www.redfin.com/VA/Alexandria/1119-N-Pitt-St-22314/unit-2B/home/11866443,BRIGHT MLS,VAAX2004062,N,Y,38.816906,-77.041573
MLS Listing,,Townhouse,5927 Williamsburg Rd,Alexandria,VA,22303,539000,2,2.0,JEFFERSON MANOR,1015,3930,1947,76,531,,Active,,,https://www.redfin.com/VA/Alexandria/5927-Williamsburg-Rd-22303/home/9761233,BRIGHT MLS,VAFX2022878,N,Y,38.7886233,-77.0775482
MLS Listing,,Townhouse,126 S Fairfax St,Alexandria,VA,22314,2995000,9,5.0,OLD TOWN,6974,3606,1800,76,429,,Active,,,https://www.redfin.com/VA/Alexandria/126-S-Fairfax-St-22314/home/11866190,BRIGHT MLS,VAAX2004044,N,Y,38.8036478,-77.0426239
MLS Listing,,Condo/Co-op,2451 Midtown Ave #915,Alexandria,VA,22303,444977,2,2.0,MIDTOWN ALEXANDRIA STATI,1104,,2007,76,403,551,Active,,,https://www.redfin.com/VA/Alexandria/2451-Midtown-Ave-22303/unit-915/home/17110790,BRIGHT MLS,VAFX2023102,N,Y,38.7966107,-77.0742479
MLS Listing,,Condo/Co-op,203 Yoakum Pkwy #916,Alexandria,VA,22304,224500,1,1.0,WATERGATE AT LANDMARK,863,,1975,76,260,644,Active,,,https://www.redfin.com/VA/Alexandria/203-Yoakum-Pkwy-22304/unit-916/home/11857933,BRIGHT MLS,VAAX2003998,N,Y,38.8104071,-77.1404453
MLS Listing,,Condo/Co-op,3650 S Glebe Rd #151,Arlington,VA,22202,600000,2,2.0,ECLIPSE ON CENTER PARK,1252,,2007,76,479,561,Active,,,https://www.redfin.com/VA/Arlington/3650-S-Glebe-Rd-22202/unit-151/home/16897233,BRIGHT MLS,VAAR2005512,N,Y,38.8423093,-77.0509145
MLS Listing,,Condo/Co-op,301 N Beauregard St #207,Alexandria,VA,22312,210000,1,1.5,THE FOUNTAINS,943,,1968,77,223,653,Active,,,https://www.redfin.com/VA/Alexandria/301-N-Beauregard-St-22312/unit-207/home/11856828,BRIGHT MLS,VAAX2004022,N,Y,38.8198462,-77.138135
MLS Listing,,Condo/Co-op,5505 Seminary Rd Unit 1012N,Falls Church,VA,22041,225000,1,1.0,SKYLINE SQUARE CONDO,758,,1987,77,297,325,Active,,,https://www.redfin.com/VA/Falls-Church/5505-Seminary-Rd-22041/unit-1012N/home/9660631,BRIGHT MLS,VAFX2023272,N,Y,38.8428843,-77.1206061
MLS Listing,,Condo/Co-op,301 N Beauregard St #1606,Alexandria,VA,22312,339990,2,2.0,THE FOUNTAINS,1223,,1968,77,278,844,Active,,,https://www.redfin.com/VA/Alexandria/301-N-Beauregard-St-22312/unit-1606/home/11857086,BRIGHT MLS,VAAX2003216,N,Y,38.8198462,-77.138135
MLS Listing,,Townhouse,7025 Bryant Towne Ct,Alexandria,VA,22306,409900,3,1.5,BRYANT TOWNE,1280,1200,1983,79,320,151,Active,,,https://www.redfin.com/VA/Alexandria/7025-Bryant-Towne-Ct-22306/home/9793169,BRIGHT MLS,VAFX2022958,N,Y,38.7648984,-77.078706
MLS Listing,,Condo/Co-op,7708-G Haynes Point Way Unit G,Alexandria,VA,22315,389900,3,2.0,CARRDINAL PLACE,1252,,1997,79,311,315,Active,,,https://www.redfin.com/VA/Alexandria/7708G-Haynes-Point-Way-22315/unit-G/home/176447201,BRIGHT MLS,VAFX2022060,N,Y,38.748309,-77.173543
MLS Listing,,Condo/Co-op,5707 Olde Mill Ct #112,Alexandria,VA,22309,260000,2,2.0,OLDE MILL CONDO,898,,1989,79,290,275,Active,,,https://www.redfin.com/VA/Alexandria/5707-Olde-Mill-Ct-22309/unit-112/home/9810683,BRIGHT MLS,VAFX2023134,N,Y,38.7228033,-77.1335508
MLS Listing,,Single Family Residential,2829 Preston Ave,Alexandria,VA,22306,475000,5,2.0,MEMORIAL HEIGHTS,1432,6250,1957,80,332,,Active,,,https://www.redfin.com/VA/Alexandria/2829-Preston-Ave-22306/home/9792057,BRIGHT MLS,VAFX2022954,N,Y,38.7656844,-77.0814264
MLS Listing,,Condo/Co-op,6621 Wakefield #518,Alexandria,VA,22307,185000,1,1.0,RIVER TOWERS CONDO,714,,1963,80,259,1120,Active,,,https://www.redfin.com/VA/Alexandria/6621-Wakefield-Dr-22307/unit-518/home/9794393,BRIGHT MLS,VAFX2021934,N,Y,38.7722192,-77.0559517
MLS Listing,,Condo/Co-op,6041 Curtier Dr Unit 6041F,Alexandria,VA,22310,359900,2,2.0,TIERS OF MANCHESTER LAKE,1002,,1987,80,359,301,Active,,,https://www.redfin.com/VA/Franconia/6041-Curtier-Dr-22310/unit-6041F/home/160495108,BRIGHT MLS,VAFX2021578,N,Y,38.764646,-77.150096
MLS Listing,,Single Family Residential,8403 Fort Hunt Rd,Alexandria,VA,22308,629900,3,2.5,WAYNEWOOD,1538,10572,1962,80,410,,Active,,,https://www.redfin.com/VA/Alexandria/8403-Fort-Hunt-Rd-22308/home/9820461,BRIGHT MLS,VAFX2022906,N,Y,38.7295322,-77.0567837
