TYPE,Date,Temp,,Laps ,Time,Cumulative Time,Calories,Distance,Avg Pace,Avg GAP,Avg HR,Max HR,Total Ascent,Total Descent,Avg Power,Avg W/kg,Max Power,Max W/kg,Avg Run Cadence,Avg Ground Contact Time,Avg GCT Balance,Avg Stride Length,Avg Vertical Oscillation,Avg Vertical Ratio,Avg Temperature,Best Pace,Max Run Cadence,Moving Time,Avg Moving Pace
RUN,24-Jun,79.00,74.00,1,01:39.3,01:39.3,23,0.26,6:20,--,149,164,--,--,--,--,--,--,160,--,--,1.58,--,--,--,5:32,176,1:38,6:15
RUN,24-Jun,79.00,74.00,2,02:00.1,03:39.4,25,0.08,25:08:00,--,133,164,441,444,--,--,--,--,32,--,--,2,--,--,--,3:05,166,0:55,11:31
RUN,24-Jun,79.00,74.00,3,01:42.2,05:21.6,25,0.26,6:32,--,151,166,--,--,--,--,--,--,161,--,--,1.53,--,--,--,5:32,169,1:42,6:31
RUN,24-Jun,79.00,74.00,4,02:00.2,07:21.8,26,0.05,41:47:00,--,135,166,--,--,--,--,--,--,51,--,--,0.75,--,--,--,6:41,166,0:09,3:08
RUN,24-Jun,79.00,74.00,5,01:40.3,09:02.1,25,0.26,6:20,--,156,171,--,--,--,--,--,--,162,--,--,1.57,--,--,--,5:18,174,1:37,6:08
RUN,24-Jun,79.00,74.00,6,02:00.1,11:02,28,0.05,42:39:00,--,142,171,--,--,--,--,--,--,50,--,--,0.75,--,--,--,6:13,164,0:13,4:37
RUN,24-Jun,79.00,74.00,7,01:39.5,12:42,26,0.26,6:18,--,159,173,--,--,--,--,--,--,156,--,--,1.64,--,--,--,5:22,176,01:39.5,6:19
RUN,24-Jun,79.00,74.00,8,02:00.3,14:42,27,0.06,35:15:00,--,143,174,2,--,--,--,--,--,56,--,--,0.81,--,--,--,6:12,166,0:16,4:41
RUN,24-Jun,79.00,74.00,9,01:43.4,16:25,27,0.27,6:29,--,158,173,--,--,--,--,--,--,162,--,--,1.53,--,--,--,6:04,173,01:43.4,6:29
RUN,24-Jun,79.00,74.00,10,01:59.3,18:25,27,0.04,51:41:00,--,144,173,--,--,--,--,--,--,36,--,--,0.87,--,--,--,6:16,163,0:10,4:20
RUN,24-Jun,79.00,74.00,11,01:44.2,20:09,27,0.27,6:28,--,161,174,--,--,--,--,--,--,158,--,--,1.57,--,--,--,5:59,173,1:41,6:16
RUN,24-Jun,79.00,74.00,12,02:03.3,22:12,26,0.05,41:01:00,--,144,174,--,--,--,--,--,--,33,--,--,1.18,--,--,--,6:29,164,0:16,5:19
RUN,24-Jun,79.00,74.00,13,01:45.4,23:58,27,0.27,6:35,--,161,176,--,--,--,--,--,--,154,--,--,1.59,--,--,--,6:01,168,01:45.4,6:35
RUN,24-Jun,79.00,74.00,14,01:55.3,25:53:00,26,0.05,40:53:00,--,147,176,--,--,--,--,--,--,60,--,--,0.66,--,--,--,6:32,166,0:07,2:29
RUN,24-Jun,79.00,74.00,15,01:46.2,27:39:00,27,0.27,6:36,--,162,174,--,--,--,--,--,--,155,--,--,1.57,--,--,--,6:14,168,1:46,6:35
RUN,24-Jun,79.00,74.00,16,01:59.3,29:39:00,27,0.05,40:24:00,--,149,173,--,--,--,--,--,--,46,--,--,0.86,--,--,--,6:43,163,0:20,6:46
RUN,24-Jun,79.00,74.00,17,01:41.6,31:20:00,27,0.26,6:25,--,166,178,--,--,--,--,--,--,153,--,--,1.64,--,--,--,5:57,176,1:41,6:23
RUN,24-Jun,79.00,74.00,18,01:59.5,33:20:00,26,0.03,57:26:00,--,150,179,--,--,--,--,--,--,27,--,--,1.03,--,--,--,6:30,169,0:17,8:10
RUN,24-Jun,79.00,74.00,19,01:40.9,35:00:00,27,0.27,6:13,--,168,180,--,--,--,--,--,--,159,--,--,1.63,--,--,--,5:46,172,01:40.9,6:13
RUN,24-Jun,79.00,74.00,20,02:00.0,37:01:00,23,0.03,0,--,149,179,--,--,--,--,--,--,38,--,--,0.69,--,--,--,6:13,164,0:03,1:32
RUN,24-Jun,79.00,74.00,21,01:41.0,38:42:00,27,0.26,6:24,--,169,181,--,--,--,--,--,--,152,--,--,1.66,--,--,--,5:40,176,01:41.0,6:24
RUN,24-Jun,79.00,74.00,22,02:00.3,40:42:00,25,0.04,53:39:00,--,152,182,--,--,--,--,--,--,30,--,--,1,--,--,--,6:30,166,0:08,3:34
RUN,24-Jun,79.00,74.00,23,01:41.8,42:24:00,27,0.25,6:50,--,170,183,--,--,--,--,--,--,156,--,--,1.51,--,--,--,5:40,173,01:41.8,6:50
RUN,24-Jun,79.00,74.00,24,01:59.3,44:23:00,28,0.03,56:50:00,--,155,183,--,--,--,--,--,--,28,--,--,1.02,--,--,--,6:32,164,0:06,2:52
RUN,24-Jun,79.00,74.00,25,01:46.2,46:09:00,28,0.26,6:43,--,167,180,--,--,--,--,--,--,158,--,--,1.51,--,--,--,5:52,176,1:46,6:43
RUN,24-Jun,79.00,74.00,26,01:59.9,48:09:00,26,0.03,0,--,154,180,--,--,--,--,--,--,42,--,--,0.58,--,--,--,6:49,166,0:09,4:58
RUN,24-Jun,79.00,74.00,27,01:46.0,49:55:00,28,0.26,6:42,--,168,181,--,--,--,--,--,--,156,--,--,1.54,--,--,--,5:53,173,01:46.0,6:42
RUN,24-Jun,79.00,74.00,28,02:00.9,51:56:00,26,0.04,56:21:00,--,155,182,--,--,--,--,--,--,29,--,--,0.98,--,--,--,6:46,166,0:06,2:48
RUN,24-Jun,79.00,74.00,29,01:45.6,53:41:00,28,0.26,6:46,--,170,182,--,--,--,--,--,--,156,--,--,1.53,--,--,--,5:38,176,1:45,6:43
RUN,24-Jun,79.00,74.00,30,01:59.6,55:41:00,22,0.03,0,--,153,181,--,--,--,--,--,--,31,--,--,0.78,--,--,--,6:54,164,0:03,1:40
RUN,24-Jun,79.00,74.00,31,01:47.2,57:28:00,28,0.27,6:43,--,169,183,--,--,--,--,--,--,161,--,--,1.49,--,--,--,6:04,173,1:47,6:42
RUN,24-Jun,79.00,74.00,32,01:59.2,59:27:00,24,0.04,47:33:00,--,154,182,--,--,--,--,--,--,39,--,--,0.87,--,--,--,6:35,166,0:11,4:23
RUN,24-Jun,79.00,74.00,33,01:42.1,1:01:09,27,0.27,6:24,--,172,184,--,--,--,--,--,--,158,--,--,1.59,--,--,--,5:19,176,1:42,6:24
RUN,24-Jun,79.00,74.00,34,02:00.2,1:03:10,24,0.04,47:39:00,--,155,184,--,--,--,--,--,--,39,--,--,0.87,--,--,--,6:32,166,0:08,3:10
RUN,24-Jun,79.00,74.00,35,01:39.9,1:04:49,26,0.26,6:18,--,173,186,--,--,--,--,--,--,161,--,--,1.59,--,--,--,5:44,176,01:39.9,6:18
RUN,24-Jun,79.00,74.00,36,01:59.3,1:06:49,23,0.03,0,--,156,186,--,--,--,--,--,--,23,--,--,0.98,--,--,--,6:32,162,0:02,1:13
RUN,24-Jun,79.00,74.00,37,01:39.6,1:08:28,27,0.26,6:21,--,174,186,--,--,--,--,--,--,162,--,--,1.57,--,--,--,5:36,176,1:39,6:18
RUN,24-Jun,79.00,74.00,38,01:59.1,1:10:27,25,0.04,50:42:00,--,157,187,--,--,--,--,--,--,27,--,--,1.2,--,--,--,6:35,166,0:05,2:08
RUN,24-Jun,79.00,74.00,39,01:37.6,1:12:05,26,0.26,6:12,--,174,185,--,--,--,--,--,--,157,--,--,1.65,--,--,--,4:39,176,1:37,6:10
RUN,24-Jun,79.00,74.00,40,02:07.3,1:14:12,24,0.07,30:48:00,--,153,185,--,--,--,--,--,--,40,--,--,1.32,--,--,--,6:19,164,1:16,18:24
RUN,2-Jul,66.00,94.00,1,01:36.7,01:36.7,22,0.27,6:02,--,139,164,--,--,--,--,--,--,159,--,--,1.68,--,--,--,5:21,180,01:36.7,6:02
RUN,2-Jul,66.00,94.00,2,2:00,03:36.7,25,0.05,39:34:00,--,130,163,--,--,--,--,--,--,34,--,--,1.18,--,--,--,6:14,166,0:26,8:34
RUN,2-Jul,66.00,94.00,3,01:35.2,05:11.9,25,0.27,5:51,--,156,172,--,7,--,--,--,--,164,--,--,1.67,--,--,--,5:16,181,1:35,5:51
RUN,2-Jul,66.00,94.00,4,2:00,07:11.9,29,0.04,53:19:00,--,137,169,7,--,--,--,--,--,32,--,--,0.94,--,--,--,6:00,165,0:07,3:06
RUN,2-Jul,66.00,94.00,5,01:37.1,08:49.0,26,0.27,6:06,--,156,172,--,--,--,--,--,--,162,--,--,1.63,--,--,--,5:16,177,1:37,6:06
RUN,2-Jul,66.00,94.00,6,2:00,10:49,30,0.04,46:15:00,--,140,172,--,--,--,--,--,--,45,--,--,0.77,--,--,--,6:18,166,0:17,6:33
RUN,2-Jul,66.00,94.00,7,01:37.4,12:26,27,0.27,6:06,--,159,176,--,6,--,--,--,--,160,--,--,1.64,--,--,--,5:38,178,01:37.4,6:06
RUN,2-Jul,66.00,94.00,8,2:00,14:26,29,0.04,57:04:00,--,143,176,6,--,--,--,--,--,36,--,--,0.78,--,--,--,6:13,166,0:13,6:11
RUN,2-Jul,66.00,94.00,9,01:44.3,16:11,28,0.26,6:41,--,158,173,--,--,--,--,--,--,160,--,--,1.5,--,--,--,6:03,171,1:44,6:40
RUN,2-Jul,66.00,94.00,10,2:00,18:11,28,0.04,56:07:00,--,142,174,--,--,--,--,--,--,34,--,--,0.85,--,--,--,6:41,169,0:03,1:24
RUN,2-Jul,66.00,94.00,11,01:41.6,19:52,27,0.25,6:39,--,161,177,--,--,--,--,--,--,161,--,--,1.5,--,--,--,5:50,180,01:41.6,6:39
RUN,2-Jul,66.00,94.00,12,2:00,21:52,27,0.03,0,--,143,176,--,--,--,--,--,--,27,--,--,0.76,--,--,--,7:03,165,0:03,1:57
RUN,2-Jul,66.00,94.00,13,01:41.8,23:34,27,0.26,6:35,--,161,178,--,7,--,--,--,--,170,--,--,1.44,--,--,--,5:30,240,01:41.8,6:35
RUN,2-Jul,66.00,94.00,14,2:00,25:34:00,26,0.03,0,--,145,177,7,--,--,--,--,--,17,--,--,1.36,--,--,--,6:27,166,0:07,3:59
RUN,2-Jul,66.00,94.00,15,01:43.3,27:17:00,28,0.25,6:48,--,163,178,--,--,--,--,--,--,160,--,--,1.48,--,--,--,6:02,176,1:43,6:47
RUN,2-Jul,66.00,94.00,16,2:00,29:17:00,26,0.04,56:57:00,--,145,178,--,--,--,--,--,--,46,--,--,0.62,--,--,--,7:02,164,0:04,1:54
RUN,2-Jul,66.00,94.00,17,01:38.4,30:56:00,26,0.25,6:27,--,165,180,--,--,--,--,--,--,165,--,--,1.51,--,--,--,5:38,176,1:38,6:25
RUN,2-Jul,66.00,94.00,18,2:00,32:56:00,23,0.04,54:18:00,--,146,180,--,--,--,--,--,--,38,--,--,0.78,--,--,--,6:40,166,0:03,1:21
RUN,2-Jul,66.00,94.00,19,01:39.6,34:36:00,26,0.26,6:28,--,164,180,--,7,--,--,--,--,165,--,--,1.51,--,--,--,5:30,180,01:39.6,6:28
RUN,2-Jul,66.00,94.00,20,2:00,36:36:00,26,0.03,0,--,148,181,7,--,--,--,--,--,33,--,--,0.82,--,--,--,6:37,170,0:08,4:00
RUN,2-Jul,66.00,94.00,21,01:37.0,38:13:00,28,0.26,6:17,--,171,186,--,--,--,--,--,--,166,--,--,1.54,--,--,--,5:23,180,1:37,6:17
RUN,2-Jul,66.00,94.00,22,2:00,40:13:00,29,0.03,57:48:00,--,154,184,--,--,--,--,--,--,19,--,--,1.47,--,--,--,6:27,164,0:02,0:58
RUN,2-Jul,66.00,94.00,23,01:55.1,42:08:00,30,0.26,7:23,--,159,173,--,--,--,--,--,--,159,--,--,1.37,--,--,--,6:37,169,1:55,7:22
RUN,8-Jul,73.00,89.00,1,01:38.6,01:38.6,21,0.26,6:16,--,134,151,--,--,--,--,--,--,157,--,--,1.63,--,--,--,5:24,176,01:38.6,6:16
RUN,8-Jul,73.00,89.00,2,2:00,03:38.6,21,0.02,0,--,117,149,--,--,--,--,--,--,26,--,--,0.61,--,--,--,6:29,164,0,--
RUN,8-Jul,73.00,89.00,3,01:35.4,05:14.0,22,0.27,5:51,--,142,160,--,--,--,--,--,--,163,--,--,1.69,--,--,--,4:24,178,1:32,5:38
RUN,8-Jul,73.00,89.00,4,2:00,07:14.0,24,0.03,0,--,127,159,--,--,--,--,--,--,40,--,--,0.53,--,--,--,5:46,214,0,--
RUN,8-Jul,73.00,89.00,5,01:38.2,08:52.2,25,0.27,6:06,--,148,165,--,--,--,--,--,--,168,--,--,1.57,--,--,--,4:46,176,1:38,6:05
RUN,8-Jul,73.00,89.00,6,2:00,10:52,25,0.03,57:34:00,--,132,164,--,--,--,--,--,--,34,--,--,0.83,--,--,--,6:09,166,0:02,0:58
RUN,8-Jul,73.00,89.00,7,01:37.5,12:30,25,0.27,6:01,--,151,167,--,--,--,--,--,--,167,--,--,1.6,--,--,--,5:24,176,01:37.5,6:01
RUN,8-Jul,73.00,89.00,8,2:00,14:30,25,0.04,55:32:00,--,134,167,--,--,--,--,--,--,43,--,--,0.68,--,--,--,6:15,168,0:01,0:28
RUN,8-Jul,73.00,89.00,9,01:42.6,16:12,26,0.27,6:21,--,152,168,--,--,--,--,--,--,167,--,--,1.52,--,--,--,5:10,182,1:42,6:19
RUN,8-Jul,73.00,89.00,10,2:00,18:12,25,0.04,53:13:00,--,135,168,--,--,--,--,--,--,43,--,--,0.71,--,--,--,6:38,166,0:09,4:00
RUN,8-Jul,73.00,89.00,11,01:42.6,19:55,26,0.27,6:26,--,153,171,--,--,--,--,--,--,167,--,--,1.5,--,--,--,5:38,178,01:42.6,6:26
RUN,8-Jul,73.00,89.00,12,2:00,21:55,24,0.03,0,--,136,170,--,--,--,--,--,--,41,--,--,0.56,--,--,--,6:44,166,0:09,5:20
RUN,8-Jul,73.00,89.00,13,01:42.8,23:38,26,0.26,6:30,--,155,173,--,--,--,--,--,--,166,--,--,1.49,--,--,--,5:57,176,01:42.8,6:30
RUN,8-Jul,73.00,89.00,14,2:00,25:38:00,26,0.03,59:05:00,--,140,173,--,--,--,--,--,--,34,--,--,0.81,--,--,--,6:38,166,0:01,0:30
RUN,8-Jul,73.00,89.00,15,01:42.7,27:20:00,25,0.27,6:28,--,157,174,--,--,--,--,--,--,159,--,--,1.57,--,--,--,5:39,176,1:38,6:10
RUN,8-Jul,73.00,89.00,16,2:00,29:20:00,26,0.04,47:33:00,--,141,174,--,--,--,--,--,--,34,--,--,1,--,--,--,6:36,168,0:07,2:46
RUN,8-Jul,73.00,89.00,17,01:35.8,30:56:00,25,0.26,6:04,--,162,177,--,--,--,--,--,--,169,--,--,1.57,--,--,--,5:19,178,01:35.8,6:04
RUN,8-Jul,73.00,89.00,18,2:00,32:56:00,25,0.03,0,--,144,176,--,--,--,--,--,--,38,--,--,0.64,--,--,--,6:20,168,0:03,1:39
RUN,8-Jul,73.00,89.00,19,01:37.3,34:34:00,26,0.26,6:08,--,162,177,--,--,--,--,--,--,161,--,--,1.63,--,--,--,5:18,179,01:37.3,6:08
RUN,8-Jul,73.00,89.00,20,2:00,36:34:00,27,0.04,53:13:00,--,144,178,--,--,--,--,--,--,33,--,--,0.91,--,--,--,6:25,169,0:08,3:33
RUN,8-Jul,73.00,89.00,21,01:38.0,38:12:00,26,0.27,6:07,--,163,179,--,--,--,--,--,--,168,--,--,1.57,--,--,--,4:52,179,01:38.0,6:07
RUN,8-Jul,73.00,89.00,22,2:00,40:12:00,27,0.03,0,--,146,179,--,--,--,--,--,--,37,--,--,0.61,--,--,--,6:27,168,0:01,0:36
RUN,8-Jul,73.00,89.00,23,01:37.5,41:49:00,25,0.27,6:08,--,164,180,--,--,--,--,--,--,161,--,--,1.63,--,--,--,5:18,180,1:34,5:55
RUN,8-Jul,73.00,89.00,24,2:00,43:49:00,26,0.03,0,--,147,180,--,--,--,--,--,--,17,--,--,1.4,--,--,--,6:22,170,0:02,1:09
RUN,8-Jul,73.00,89.00,25,01:42.5,45:32:00,25,0.27,6:25,--,162,180,--,--,--,--,--,--,167,--,--,1.5,--,--,--,5:48,176,01:42.5,6:25
RUN,8-Jul,73.00,89.00,26,2:00,47:32:00,24,0.03,0,--,146,180,--,--,--,--,--,--,36,--,--,0.68,--,--,--,6:42,168,0:08,4:21
RUN,8-Jul,73.00,89.00,27,01:44.0,49:16:00,24,0.27,6:23,--,163,181,--,--,--,--,--,--,159,--,--,1.58,--,--,--,5:38,179,1:44,6:22
RUN,8-Jul,73.00,89.00,28,2:00,51:16:00,27,0.02,0,--,149,180,--,--,--,--,--,--,21,--,--,0.71,--,--,--,6:34,166,0:01,0:54
RUN,8-Jul,73.00,89.00,29,01:43.0,52:59:00,28,0.27,6:22,--,166,181,--,--,--,--,--,--,167,--,--,1.51,--,--,--,5:43,180,01:43.0,6:22
RUN,8-Jul,73.00,89.00,30,2:00,54:59:00,25,0.02,0,--,149,181,--,--,--,--,--,--,13,--,--,1.04,--,--,--,6:32,168,0:01,0:59
RUN,8-Jul,73.00,89.00,31,01:42.8,56:41:00,27,0.27,6:18,--,165,181,--,--,--,--,--,--,166,--,--,1.54,--,--,--,5:15,214,1:42,6:15
RUN,8-Jul,73.00,89.00,32,2:00,58:41:00,25,0.02,0,--,149,180,--,--,--,--,--,--,15,--,--,1.32,--,--,--,6:29,168,0:08,5:32
RUN,8-Jul,73.00,89.00,33,01:37.5,1:00:19,26,0.27,5:56,--,169,184,--,--,--,--,--,--,159,--,--,1.7,--,--,--,4:53,180,01:37.5,5:56
RUN,8-Jul,73.00,89.00,34,2:00,1:02:19,25,0.05,38:19:00,--,151,184,--,--,--,--,--,--,57,--,--,0.74,--,--,--,6:21,168,0:43,13:44
RUN,8-Jul,73.00,89.00,35,03:50.3,1:06:09,11,0.22,17:23,--,120,129,--,--,--,--,--,--,120,--,--,0.77,--,--,--,15:27,125,3:50,17:22
RUN,15-Jul,86.00,66.00,1,01:39.5,01:39.5,26,0.24,6:58,--,152,170,--,--,--,--,--,--,168,--,--,1.38,--,--,--,6:08,180,1:39,6:56
RUN,15-Jul,86.00,66.00,2,2:00,03:39.5,30,0.05,40:06:00,--,139,169,--,--,--,--,--,--,51,--,--,0.79,--,--,--,7:55,164,0:34,11:22
RUN,15-Jul,86.00,66.00,3,01:36.5,05:16.1,28,0.26,6:06,--,161,174,--,--,--,--,--,--,167,--,--,1.58,--,--,--,5:11,180,1:34,5:57
RUN,15-Jul,86.00,66.00,4,2:00,07:16.1,32,0.03,0,--,143,172,--,--,--,--,--,--,47,--,--,0.54,--,--,--,6:22,164,0:02,1:03
RUN,15-Jul,86.00,66.00,5,01:38.2,08:54.3,29,0.26,6:13,--,163,177,--,--,--,--,--,--,168,--,--,1.54,--,--,--,4:50,240,1:38,6:12
RUN,15-Jul,86.00,66.00,6,2:00,10:54,31,0.03,0,--,147,176,--,--,--,--,--,--,24,--,--,0.91,--,--,--,6:30,164,0:06,3:39
RUN,15-Jul,86.00,66.00,7,01:38.2,12:32,29,0.26,6:20,--,165,178,--,--,--,--,--,--,161,--,--,1.58,--,--,--,5:18,175,1:33,6:00
RUN,15-Jul,86.00,66.00,8,2:00,14:32,33,0.02,0,--,151,178,--,--,--,--,--,--,34,--,--,0.52,--,--,--,6:42,174,0:12,9:02
RUN,15-Jul,86.00,66.00,9,01:42.6,16:15,30,0.26,6:36,--,164,178,--,--,--,--,--,--,164,--,--,1.49,--,--,--,5:42,176,01:42.6,6:36
RUN,15-Jul,86.00,66.00,10,2:00,18:15,32,0.02,0,--,150,178,--,--,--,--,--,--,26,--,--,0.71,--,--,--,6:51,166,0:17,12:09
RUN,15-Jul,86.00,66.00,11,01:44.1,19:59,31,0.27,6:26,--,166,180,--,5,--,--,--,--,164,--,--,1.53,--,--,--,5:35,172,1:44,6:25
RUN,15-Jul,86.00,66.00,12,2:00,21:59,32,0.03,0,--,152,180,5,--,--,--,--,--,38,--,--,0.68,--,--,--,6:44,168,0:10,5:13
RUN,15-Jul,86.00,66.00,13,01:43.8,23:43,31,0.26,6:40,--,167,181,--,--,--,--,--,--,159,--,--,1.52,--,--,--,5:29,175,01:43.8,6:40
RUN,15-Jul,86.00,66.00,14,2:00,25:43:00,24,0.03,0,--,153,181,--,--,--,--,--,--,41,--,--,0.61,--,--,--,6:51,166,0:07,3:45
RUN,15-Jul,86.00,66.00,15,01:44.9,27:28:00,32,0.26,6:44,--,167,181,--,--,--,--,--,--,159,--,--,1.5,--,--,--,5:53,176,01:44.9,6:44
RUN,15-Jul,86.00,66.00,16,2:00,29:28:00,26,0.03,0,--,154,181,--,--,--,--,--,--,41,--,--,0.6,--,--,--,6:49,164,0:04,2:11
RUN,15-Jul,86.00,66.00,17,01:40.5,31:08:00,30,0.26,6:24,--,171,183,--,--,--,--,--,--,158,--,--,1.59,--,--,--,5:07,176,1:40,6:22
RUN,15-Jul,86.00,66.00,18,2:00,33:08:00,28,0.02,0,--,152,183,--,--,--,--,--,--,40,--,--,0.48,--,--,--,6:54,164,0:02,1:25
RUN,15-Jul,86.00,66.00,19,01:46.6,34:55:00,30,0.27,6:42,--,163,181,--,--,--,--,--,--,161,--,--,1.49,--,--,--,4:47,214,01:46.6,6:42
RUN,28-Jul,72.00,94.00,1,01:38.4,01:38.4,23,0.25,6:34,--,139,153,--,--,--,--,--,--,165,--,--,1.48,--,--,--,5:59,181,1:38,6:33
RUN,28-Jul,72.00,94.00,2,2:00,03:38.4,26,0.08,25:18:00,--,125,153,--,--,--,--,--,--,43,--,--,1.47,--,--,--,6:49,166,0:51,10:45
RUN,28-Jul,72.00,94.00,3,01:38.6,05:16.9,25,0.26,6:21,--,146,161,--,--,--,--,--,--,160,--,--,1.58,--,--,--,5:15,180,1:38,6:19
RUN,28-Jul,72.00,94.00,4,2:00,07:16.9,28,0.02,0,--,132,161,--,--,--,--,--,--,30,--,--,0.66,--,--,--,6:28,164,0:15,10:07
RUN,28-Jul,72.00,94.00,5,01:37.4,08:54.4,26,0.25,6:25,--,152,166,--,--,--,--,--,--,159,--,--,1.58,--,--,--,5:32,174,01:37.4,6:25
RUN,28-Jul,72.00,94.00,6,2:00,10:54,30,0.03,0,--,138,165,--,--,--,--,--,--,36,--,--,0.64,--,--,--,6:45,163,0:05,2:54
RUN,28-Jul,72.00,94.00,7,01:38.8,12:33,26,0.26,6:18,--,154,169,--,--,--,--,--,--,146,--,--,1.75,--,--,--,5:15,174,1:38,6:15
RUN,28-Jul,72.00,94.00,8,2:00,14:33,29,0.03,0,--,140,169,--,--,--,--,--,--,30,--,--,0.82,--,--,--,6:37,166,0:02,1:05
RUN,28-Jul,72.00,94.00,9,01:43.6,16:17,28,0.26,6:33,--,153,169,--,--,--,--,--,--,161,--,--,1.52,--,--,--,5:50,176,01:43.6,6:33
RUN,28-Jul,72.00,94.00,10,2:00,18:17,28,0.03,0,--,140,169,--,--,--,--,--,--,34,--,--,0.6,--,--,--,6:50,166,0:12,7:44
RUN,28-Jul,72.00,94.00,11,01:43.8,20:01,28,0.26,6:41,--,155,173,--,--,--,--,--,--,173,--,--,1.4,--,--,--,5:56,242,01:43.8,6:41
RUN,28-Jul,72.00,94.00,12,2:00,22:01,28,0.03,0,--,142,172,--,--,--,--,--,--,36,--,--,0.61,--,--,--,6:44,168,0:11,6:43
RUN,28-Jul,72.00,94.00,13,01:43.7,23:44,28,0.26,6:45,--,157,170,--,--,--,--,--,--,167,--,--,1.42,--,--,--,5:43,180,01:43.7,6:45
RUN,28-Jul,72.00,94.00,14,2:00,25:44:00,28,0.03,0,--,143,170,--,--,--,--,--,--,46,--,--,0.46,--,--,--,7:04,170,0:22,14:01
RUN,28-Jul,72.00,94.00,15,01:43.7,27:28:00,27,0.26,6:37,--,158,173,--,--,--,--,--,--,161,--,--,1.51,--,--,--,5:34,176,1:43,6:34
RUN,28-Jul,72.00,94.00,16,2:00,29:28:00,27,0.02,0,--,144,173,--,--,--,--,--,--,34,--,--,0.59,--,--,--,6:45,168,0:08,5:21
RUN,28-Jul,72.00,94.00,17,01:37.9,31:06:00,27,0.27,6:09,--,162,177,2,--,--,--,--,--,157,--,--,1.66,--,--,--,5:21,183,01:37.9,6:09
RUN,28-Jul,72.00,94.00,18,2:00,33:06:00,28,0.03,0,--,148,177,--,--,--,--,--,--,29,--,--,0.69,--,--,--,6:11,168,0:02,1:19
RUN,28-Jul,72.00,94.00,19,01:38.0,34:44:00,27,0.26,6:19,--,163,177,--,--,--,--,--,--,154,--,--,1.66,--,--,--,5:11,178,01:38.0,6:19
RUN,28-Jul,72.00,94.00,20,2:00,36:44:00,28,0.03,0,--,149,177,--,--,--,--,--,--,31,--,--,0.66,--,--,--,6:33,168,0:13,8:21
RUN,28-Jul,72.00,94.00,21,01:37.3,38:21:00,27,0.26,6:15,--,164,180,--,--,--,--,--,--,163,--,--,1.59,--,--,--,5:18,180,1:37,6:13
RUN,28-Jul,72.00,94.00,22,2:00,40:21:00,29,0.02,0,--,151,180,--,2,--,--,--,--,36,--,--,0.54,--,--,--,6:26,168,0:12,8:16
RUN,28-Jul,72.00,94.00,23,01:37.9,41:59:00,27,0.26,6:16,--,164,179,--,--,--,--,--,--,150,--,--,1.72,--,--,--,5:10,178,01:37.9,6:16
RUN,28-Jul,72.00,94.00,24,2:00,43:59:00,27,0.03,0,--,150,179,--,--,--,--,--,--,30,--,--,0.73,--,--,--,6:22,170,0:08,4:54
RUN,28-Jul,72.00,94.00,25,01:43.4,45:43:00,29,0.26,6:34,--,164,180,--,--,--,--,--,--,158,--,--,1.55,--,--,--,5:36,176,01:43.4,6:34
RUN,28-Jul,72.00,94.00,26,2:00,47:43:00,26,0.03,0,--,150,179,--,--,--,--,--,--,39,--,--,0.51,--,--,--,6:31,172,0:02,1:20
RUN,28-Jul,72.00,94.00,27,01:45.3,49:28:00,28,0.26,6:47,--,163,177,--,--,--,--,--,--,165,--,--,1.44,--,--,--,5:53,174,1:45,6:46
RUN,28-Jul,72.00,94.00,28,2:00,51:28:00,25,0.02,0,--,150,178,--,--,--,--,--,--,22,--,--,0.9,--,--,--,6:48,174,0:03,2:05
RUN,28-Jul,72.00,94.00,29,01:43.2,53:11:00,28,0.26,6:32,--,166,181,3,--,--,--,--,--,168,--,--,1.47,--,--,--,5:36,193,1:43,6:31
RUN,28-Jul,72.00,94.00,30,00:04.1,53:15:00,1,0.01,12:13,--,181,181,--,--,--,--,--,--,172,--,--,0.77,--,--,--,6:38,172,0:04,11:58
ROW,6-Aug,82.00,48.00,1,01:29.0,01:29.0,18,0.03,44:16:00,--,127,145,--,--,--,--,--,--,113,--,--,0.32,--,--,--,2:04,122,0:22,10:57
ROW,6-Aug,82.00,48.00,2,2:00,03:29.0,18,0.04,52:29:00,--,111,145,--,--,--,--,--,--,21,--,--,1.47,--,--,--,22:38,120,0:26,11:22
ROW,6-Aug,82.00,48.00,3,01:29.4,04:58.4,19,0.01,0,--,134,150,5,--,--,--,--,--,119,--,--,0.11,--,--,--,14:36,126,0:08,11:02
ROW,6-Aug,82.00,48.00,4,2:00,06:58.4,21,0.02,0,--,119,150,--,--,--,--,--,--,11,--,--,1.82,--,--,--,14:54,120,0:11,7:25
ROW,6-Aug,82.00,48.00,5,01:29.0,08:27.4,20,0.02,0,--,138,154,--,--,--,--,--,--,107,--,--,0.17,--,--,--,0,125,0,--
ROW,6-Aug,82.00,48.00,6,2:00,10:27,20,0.04,52:48:00,--,120,154,--,--,--,--,--,--,23,--,--,1.34,--,--,--,15:58,120,0:37,16:17
ROW,6-Aug,82.00,48.00,7,01:29.5,11:57,20,0.02,0,--,139,154,--,--,--,--,--,--,120,--,--,0.15,--,--,--,0,125,0,--
ROW,6-Aug,82.00,48.00,8,2:00,13:57,22,0.02,0,--,123,154,--,--,--,--,--,--,29,--,--,0.66,--,--,--,18:19,120,0:07,4:57
ROW,6-Aug,82.00,48.00,9,01:34.6,15:31,19,0.02,0,--,134,146,--,--,--,--,--,--,119,--,--,0.18,--,--,--,0,126,0,--
ROW,6-Aug,82.00,48.00,10,2:00,17:31,19,0.02,0,--,118,147,--,--,--,--,--,--,17,--,--,1.13,--,--,--,24:34:00,120,0:06,4:14
ROW,6-Aug,82.00,48.00,11,01:34.6,19:06,18,0.02,0,--,131,144,--,4,--,--,--,--,115,--,--,0.16,--,--,--,0,120,0,--
ROW,6-Aug,82.00,48.00,12,2:00,21:06,17,0.03,0,--,115,145,--,--,--,--,--,--,12,--,--,2.05,--,--,--,22:38,120,0:09,4:56
ROW,6-Aug,82.00,48.00,13,01:33.5,22:40,18,0.02,0,--,132,148,--,--,--,--,--,--,104,--,--,0.17,--,--,--,0,120,0,--
ROW,6-Aug,82.00,48.00,14,2:00,24:40:00,20,0.02,0,--,122,148,--,--,--,--,--,--,33,--,--,0.57,--,--,--,0,120,0,--
ROW,6-Aug,82.00,48.00,15,01:33.6,26:13:00,18,0.02,0,--,134,148,4,--,--,--,--,--,117,--,--,0.15,--,--,--,0,123,0,--
ROW,6-Aug,82.00,48.00,16,2:00,28:13:00,18,0.04,56:42:00,--,120,148,--,--,--,--,--,--,36,--,--,0.8,--,--,--,13:42,125,0:16,7:33
ROW,6-Aug,82.00,48.00,17,01:28.8,29:42:00,19,0.01,0,--,139,155,--,--,--,--,--,--,123,--,--,0.13,--,--,--,17:19,133,0:03,3:23
ROW,6-Aug,82.00,48.00,18,2:00,31:42:00,20,0.03,0,--,124,154,--,2,--,--,--,--,23,--,--,0.99,--,--,--,24:34:00,123,0,--
ROW,6-Aug,82.00,48.00,19,01:28.2,33:10:00,18,0.02,0,--,139,155,--,--,--,--,--,--,117,--,--,0.18,--,--,--,0,125,0,--
ROW,6-Aug,82.00,48.00,20,2:00,35:10:00,21,0.03,0,--,126,155,--,--,--,--,--,--,42,--,--,0.62,--,--,--,0,126,0,--
ROW,6-Aug,82.00,48.00,21,01:28.8,36:39:00,19,0.02,0,--,139,157,--,--,--,--,--,--,102,--,--,0.22,--,--,--,0,131,0,--
ROW,6-Aug,82.00,48.00,22,2:00,38:39:00,,,,,,,,,,,,,,,,,,,,,,,
ROW,6-Aug,82.00,48.00,23,01:28.8,38:40:29,,,,,,,,,,,,,,,,,,,,,,,
ROW,6-Aug,82.00,48.00,24,2:00,40:40:29,,,,,,,,,,,,,,,,,,,,,,,
ROW,6-Aug,82.00,48.00,25,01:32.9,40:42:02,,,,,,,,,,,,,,,,,,,,,,,
ROW,6-Aug,82.00,48.00,26,2:00,42:42:02,,,,,,,,,,,,,,,,,,,,,,,
ROW,6-Aug,82.00,48.00,27,01:31.2,42:43:33,,,,,,,,,,,,,,,,,,,,,,,
ROW,6-Aug,82.00,48.00,28,2:00,44:43:33,,,,,,,,,,,,,,,,,,,,,,,
ROW,6-Aug,82.00,48.00,29,01:32.5,44:45:05,,,,,,,,,,,,,,,,,,,,,,,
ROW,6-Aug,82.00,48.00,30,2:00,46:45:05,,,,,,,,,,,,,,,,,,,,,,,
ROW,6-Aug,82.00,48.00,31,01:33.0,46:46:38,,,,,,,,,,,,,,,,,,,,,,,
ROW,6-Aug,82.00,48.00,32,2:00,48:46:38,,,,,,,,,,,,,,,,,,,,,,,
ROW,6-Aug,82.00,48.00,33,01:26.7,48:48:05,,,,,,,,,,,,,,,,,,,,,,,
ROW,6-Aug,82.00,48.00,34,2:00,50:48:05,,,,,,,,,,,,,,,,,,,,,,,
ROW,6-Aug,82.00,48.00,35,01:28.0,50:49:33,22,0.02,0,--,144,161,--,--,--,--,--,--,84,--,--,0.24,--,--,--,40:31:00,131,0:22,20:08
ROW,6-Aug,82.00,48.00,36,2:00,52:49:33,27,0.02,0,--,128,160,--,--,--,--,--,--,38,--,--,0.52,--,--,--,0,123,0,--
ROW,6-Aug,82.00,48.00,37,01:29.1,52:51:02,22,0.01,0,--,145,161,--,--,--,--,--,--,104,--,--,0.15,--,--,--,0,125,0,--
ROW,6-Aug,82.00,48.00,38,2:00,54:51:02,21,0.01,0,--,123,160,--,--,--,--,--,--,10,--,--,1.06,--,--,--,0,125,0,--
ROW,6-Aug,82.00,48.00,39,01:23.7,54:52:26,21,0.02,0,--,151,168,--,--,--,--,--,--,111,--,--,0.2,--,--,--,24:10:00,142,0:04,3:30
ROW,6-Aug,82.00,48.00,40,2:00,56:52:26,28,0.02,0,--,134,168,--,3,--,--,--,--,38,--,--,0.41,--,--,--,0,125,0,--
RUN,27-Aug,88.00,66.00,1,01:34.2,01:34.2,19,0.26,6:00,--,129,157,--,--,--,--,--,--,162,--,--,1.66,--,--,--,5:18,200,1:34,5:59
RUN,27-Aug,88.00,66.00,2,2:00,03:34.2,26,0.03,0,--,126,154,--,--,--,--,--,--,21,--,--,1.05,--,--,--,6:22,162,0:02,1:13
RUN,27-Aug,88.00,66.00,3,01:36.4,05:10.6,25,0.26,6:05,--,149,163,7,--,--,--,--,--,165,--,--,1.6,--,--,--,5:18,185,1:33,5:52
RUN,27-Aug,88.00,66.00,4,2:00,07:10.6,27,0.03,59:36:00,--,131,162,--,7,--,--,--,--,37,--,--,0.73,--,--,--,6:31,163,0:02,1:00
RUN,27-Aug,88.00,66.00,5,01:36.7,08:47.3,26,0.26,6:14,--,152,168,--,--,--,--,--,--,164,--,--,1.58,--,--,--,5:14,176,01:36.7,6:14
RUN,27-Aug,88.00,66.00,6,2:00,10:47,28,0.03,0,--,135,167,--,--,--,--,--,--,37,--,--,0.69,--,--,--,6:37,163,0:02,1:04
RUN,27-Aug,88.00,66.00,7,01:36.5,12:24,26,0.26,6:04,--,156,171,7,--,--,--,--,--,160,--,--,1.66,--,--,--,4:56,176,1:34,5:55
RUN,27-Aug,88.00,66.00,8,2:00,14:24,29,0.04,50:14:00,--,138,170,--,7,--,--,--,--,33,--,--,0.98,--,--,--,6:37,163,0:03,1:15
RUN,27-Aug,88.00,66.00,9,01:42.2,16:06,27,0.26,6:36,--,152,170,--,--,--,--,--,--,164,--,--,1.49,--,--,--,6:07,169,01:42.2,6:36
RUN,27-Aug,88.00,66.00,10,2:00,18:06,27,0.02,0,--,138,170,--,--,--,--,--,--,39,--,--,0.47,--,--,--,6:43,165,0:05,3:39
RUN,27-Aug,88.00,66.00,11,01:41.3,19:47,27,0.26,6:23,--,155,172,--,--,--,--,--,--,160,--,--,1.58,--,--,--,5:45,172,1:41,6:22
RUN,27-Aug,88.00,66.00,12,2:00,21:47,27,0.03,0,--,140,172,--,--,--,--,--,--,41,--,--,0.59,--,--,--,6:33,165,0:10,5:28
RUN,27-Aug,88.00,66.00,13,01:42.1,23:29,27,0.26,6:36,--,156,172,4,--,--,--,--,--,148,--,--,1.65,--,--,--,5:58,168,1:42,6:35
RUN,27-Aug,88.00,66.00,14,2:00,25:29:00,28,0.03,0,--,142,172,--,--,--,--,--,--,32,--,--,0.73,--,--,--,6:40,166,0:03,1:43
RUN,27-Aug,88.00,66.00,15,01:43.1,27:12:00,29,0.26,6:32,--,158,173,--,--,--,--,--,--,162,--,--,1.52,--,--,--,5:22,171,1:43,6:32
RUN,27-Aug,88.00,66.00,16,2:00,31:12:00,25,0.03,0,--,144,175,--,--,--,--,--,--,27,--,--,0.87,--,--,--,6:40,164,0:52,29:46:00
RUN,27-Aug,88.00,66.00,17,01:36.0,31:33:00,29,0,0,--,168,173,--,--,--,--,--,--,0,--,--,--,--,--,--,11:30,0,0:09,30:26:00
RUN,27-Aug,88.00,66.00,18,2:00,33:03:00,31,0.02,0,--,132,162,--,4,--,--,--,--,17,--,--,1.31,--,--,--,15:27,120,0:19,15:03
RUN,27-Aug,88.00,66.00,19,01:36.3,34:40:00,29,0.27,5:59,--,162,177,--,--,--,--,--,--,163,--,--,1.65,--,--,--,5:25,176,1:33,5:46
RUN,27-Aug,88.00,66.00,20,2:00,36:40:00,33,0.03,0,--,145,177,--,--,--,--,--,--,19,--,--,1.22,--,--,--,6:14,163,0:02,1:10
RUN,27-Aug,88.00,66.00,21,01:37.3,38:17:00,29,0.27,5:54,--,164,178,8,--,--,--,--,--,162,--,--,1.68,--,--,--,5:12,176,1:33,5:38
RUN,27-Aug,88.00,66.00,22,2:00,40:17:00,33,0.03,0,--,147,177,--,8,--,--,--,--,31,--,--,0.74,--,--,--,6:05,166,0:02,1:11
RUN,27-Aug,88.00,66.00,23,01:36.3,41:53:00,30,0.26,6:04,--,166,180,--,--,--,--,--,--,165,--,--,1.6,--,--,--,5:37,176,01:36.3,6:04
RUN,27-Aug,88.00,66.00,24,2:00,43:53:00,32,0.02,0,--,147,179,--,--,--,--,--,--,23,--,--,0.76,--,--,--,6:15,163,0:01,0:45
RUN,27-Aug,88.00,66.00,25,01:44.4,45:38:00,29,0.26,6:40,--,160,177,--,--,--,--,--,--,157,--,--,1.54,--,--,--,6:11,166,1:44,6:38
RUN,27-Aug,88.00,66.00,26,2:00,47:38:00,27,0.03,0,--,144,177,--,--,--,--,--,--,28,--,--,0.83,--,--,--,6:36,163,0:03,1:44
RUN,27-Aug,88.00,66.00,27,01:42.8,49:21:00,30,0.26,6:30,--,163,179,3,--,--,--,--,--,162,--,--,1.52,--,--,--,5:59,174,01:42.8,6:30
RUN,27-Aug,88.00,66.00,28,2:00,51:21:00,29,0.03,0,--,148,178,--,--,--,--,--,--,41,--,--,0.6,--,--,--,6:40,163,0:08,4:23
RUN,27-Aug,88.00,66.00,29,01:43.6,53:04:00,30,0.27,6:29,--,164,179,--,--,--,--,--,--,160,--,--,1.55,--,--,--,5:40,170,1:39,6:12
RUN,27-Aug,88.00,66.00,30,2:00,55:04:00,23,0.03,0,--,146,179,--,--,--,--,--,--,35,--,--,0.71,--,--,--,6:38,165,0:09,4:50
RUN,27-Aug,88.00,66.00,31,01:43.5,56:48:00,30,0.27,6:24,--,164,179,--,--,--,--,--,--,157,--,--,1.6,--,--,--,5:29,176,01:43.5,6:24
RUN,27-Aug,88.00,66.00,32,2:00,58:48:00,20,0.03,0,--,145,178,--,3,--,--,--,--,30,--,--,0.76,--,--,--,6:07,162,0:02,1:10
RUN,27-Aug,88.00,66.00,33,01:37.7,1:00:25,29,0.27,6:01,--,169,182,--,--,--,--,--,--,163,--,--,1.64,--,--,--,5:09,176,01:37.7,6:01
RUN,27-Aug,88.00,66.00,34,2:00,1:02:25,25,0.02,0,--,148,180,--,--,--,--,--,--,26,--,--,0.65,--,--,--,6:15,166,0:02,1:34
RUN,27-Aug,88.00,66.00,35,01:38.7,1:04:04,28,0.27,6:09,--,167,182,0,--,--,--,--,--,154,--,--,1.69,--,--,--,5:00,176,1:38,6:06
RUN,27-Aug,88.00,66.00,36,2:00,1:06:04,28,0.03,0,--,149,182,--,--,--,--,--,--,35,--,--,0.76,--,--,--,6:16,166,0:10,5:03
RUN,27-Aug,88.00,66.00,37,01:37.5,1:07:42,29,0.28,5:52,--,169,183,--,--,--,--,--,--,157,--,--,1.75,--,--,--,5:18,176,01:37.5,5:52
RUN,27-Aug,88.00,66.00,38,2:00,1:09:42,27,0.02,0,--,150,182,--,--,--,--,--,--,36,--,--,0.52,--,--,--,6:05,163,0:01,0:43
RUN,27-Aug,88.00,66.00,39,01:37.3,1:11:19,29,0.27,5:57,--,171,183,--,--,--,--,--,--,156,--,--,1.74,--,--,--,4:31,176,1:37,5:56
